Rk_x,player,Age,Team,Pos,G,GS,MP,FG,FGA,FG%,3P,3PA,3P%,2P,2PA,2P%,eFG%,FT,FTA,FT%,ORB,DRB,TRB,AST,STL,BLK,TOV,PF,PTS,Rk_y,Player,Tm,2024-2025,2025-2026,2026-2027,2027-2028,2028-2029,2029-2030,Guaranteed
25,Cam Thomas,23,BRK,SG,25,23,31.2,8.0,18.2,.438,2.7,7.8,.349,5.2,10.4,.506,.513,5.3,6.0,.881,0.6,2.7,3.3,3.8,0.6,0.1,2.5,1.8,24.0,271,Cam Thomas,BRK,"$4,041,249",,,,,,"$4,041,249"
83,Malik Beasley,28,DET,SG,76,17,27.9,5.6,12.9,.434,3.9,9.2,.421,1.7,3.7,.466,.584,1.2,1.7,.679,0.6,2.1,2.7,1.7,0.9,0.1,1.1,1.6,16.3,226,Malik Beasley,DET,"$6,000,000",,,,,,"$6,000,000"
89,Jonathan Kuminga,22,GSW,PF,41,10,25.0,5.7,12.5,.455,1.0,3.3,.319,4.6,9.2,.504,.497,3.5,5.3,.665,1.2,3.4,4.6,2.2,0.9,0.5,1.5,1.9,16.0,202,Jonathan Kuminga,GSW,"$7,636,307",,,,,,"$7,636,307"
90,Myles Turner,28,IND,C,67,67,30.4,5.4,11.2,.481,2.2,5.4,.401,3.2,5.8,.557,.578,2.4,3.1,.777,1.2,5.4,6.6,1.6,0.8,1.9,1.7,2.6,15.4,87,Myles Turner,IND,"$19,928,500",,,,,,"$19,928,500"
105,Josh Giddey,22,CHI,PG,67,66,29.9,5.2,11.2,.463,1.5,4.0,.377,3.7,7.3,.510,.530,2.4,3.0,.775,1.8,6.0,7.8,7.0,1.2,0.6,2.9,1.7,14.3,189,Josh Giddey,CHI,"$8,352,367",,,,,,"$8,352,367"
109,Quentin Grimes,24,2TM,SG,70,32,26.2,5.0,10.5,.476,2.1,5.3,.391,2.9,5.1,.564,.576,2.0,2.7,.759,0.8,3.4,4.2,2.8,1.0,0.3,1.8,1.8,14.1,266,Quentin Grimes,PHI,"$4,296,682",,,,,,"$4,296,682"
109,Quentin Grimes,24,DAL,SG,47,12,22.8,3.6,7.8,.463,1.7,4.3,.398,1.9,3.5,.543,.573,1.3,1.7,.765,0.6,3.2,3.8,2.1,0.7,0.2,1.3,1.7,10.2,266,Quentin Grimes,PHI,"$4,296,682",,,,,,"$4,296,682"
109,Quentin Grimes,24,PHI,SG,23,20,33.3,7.8,16.0,.489,2.9,7.5,.384,5.0,8.5,.582,.579,3.5,4.6,.755,1.0,3.9,4.9,4.3,1.6,0.5,2.8,2.1,22.0,266,Quentin Grimes,PHI,"$4,296,682",,,,,,"$4,296,682"
110,Tre Mann,23,CHO,PG,13,0,24.5,5.4,12.4,.435,1.8,4.6,.400,3.5,7.8,.455,.509,1.5,1.6,.905,0.9,2.0,2.9,3.0,0.5,0.3,1.9,1.8,14.1,250,Tre Mann,CHO,"$4,908,373",,,,,,"$4,908,373"
119,Dennis Schröder,31,3TM,PG,70,46,27.9,4.6,11.2,.407,1.7,5.1,.341,2.8,6.1,.463,.485,2.4,2.9,.846,0.3,2.3,2.6,5.5,0.9,0.2,1.9,2.5,13.3,121,Dennis Schröder,DET,"$13,025,250",,,,,,"$13,025,250"
119,Dennis Schröder,31,BRK,PG,23,23,33.6,6.4,14.1,.452,2.5,6.5,.387,3.9,7.6,.509,.542,3.1,3.5,.889,0.2,2.8,3.0,6.6,1.1,0.2,2.6,2.4,18.4,121,Dennis Schröder,DET,"$13,025,250",,,,,,"$13,025,250"
119,Dennis Schröder,31,GSW,SG,24,18,26.2,3.9,10.5,.375,1.5,4.8,.322,2.4,5.7,.419,.448,1.2,1.6,.744,0.4,1.9,2.3,4.4,1.0,0.1,2.0,2.8,10.6,121,Dennis Schröder,DET,"$13,025,250",,,,,,"$13,025,250"
119,Dennis Schröder,31,DET,PG,23,5,24.0,3.4,9.0,.377,1.1,3.9,.289,2.3,5.1,.444,.440,3.0,3.5,.852,0.4,2.2,2.6,5.4,0.6,0.2,1.1,2.2,10.9,121,Dennis Schröder,DET,"$13,025,250",,,,,,"$13,025,250"
122,Brook Lopez,36,MIL,C,74,74,32.1,4.9,9.6,.509,1.8,4.7,.374,3.1,4.9,.639,.601,1.4,1.7,.827,1.4,3.6,5.0,1.8,0.7,1.8,1.1,2.2,13.0,74,Brook Lopez,MIL,"$23,000,000",,,,,,"$23,000,000"
124,Drew Timme,24,BRK,PF,3,0,24.7,5.7,9.3,.607,0.7,3.0,.222,5.0,6.3,.789,.643,1.0,1.3,.750,2.7,3.7,6.3,1.7,0.0,0.3,1.7,2.3,13.0,,,,,,,,,,
127,D'Angelo Russell,28,2TM,PG,57,35,25.8,4.4,11.1,.394,2.0,6.2,.317,2.4,4.8,.493,.483,2.1,2.5,.834,0.4,2.5,2.8,5.2,1.0,0.4,1.9,2.0,12.8,93,D'Angelo Russell,BRK,"$18,692,307",,,,,,"$18,692,307"
127,D'Angelo Russell,28,LAL,PG,29,10,26.3,4.4,10.7,.415,1.9,5.8,.333,2.5,4.9,.510,.505,1.6,1.8,.849,0.3,2.5,2.8,4.7,0.8,0.1,1.7,1.8,12.4,93,D'Angelo Russell,BRK,"$18,692,307",,,,,,"$18,692,307"
127,D'Angelo Russell,28,BRK,PG,28,25,25.2,4.3,11.5,.374,2.0,6.7,.303,2.3,4.8,.474,.463,2.7,3.3,.826,0.4,2.5,2.9,5.7,1.2,0.7,2.0,2.1,13.3,93,D'Angelo Russell,BRK,"$18,692,307",,,,,,"$18,692,307"
128,Santi Aldama,24,MEM,PF,60,16,25.4,5.0,10.3,.484,1.9,5.0,.368,3.1,5.2,.596,.574,1.0,1.5,.697,1.5,5.0,6.6,2.9,0.8,0.5,1.1,1.1,12.8,276,Santi Aldama,MEM,"$3,960,531",,,,,,"$3,960,531"
129,Malcolm Brogdon,32,WAS,PG,24,13,23.5,4.3,10.0,.433,0.7,2.3,.286,3.7,7.7,.478,.467,3.4,3.8,.880,0.9,2.9,3.8,4.1,0.5,0.2,1.6,1.3,12.7,78,Malcolm Brogdon,WAS,"$22,500,000",,,,,,"$22,500,000"
139,Ty Jerome,27,CLE,SG,67,2,19.7,4.4,8.6,.509,1.5,3.6,.431,2.9,5.1,.563,.598,1.9,2.1,.868,0.7,1.8,2.5,3.3,1.1,0.0,1.3,1.5,12.2,327,Ty Jerome,CLE,"$2,560,975",,,,,,"$2,560,975"
145,Caris LeVert,30,2TM,SG,59,3,24.9,4.2,9.2,.462,1.6,4.4,.369,2.6,4.8,.548,.551,1.6,2.3,.708,0.6,2.5,3.1,3.3,0.9,0.5,1.2,1.5,11.7,104,Caris LeVert,ATL,"$16,615,384",,,,,,"$16,615,384"
145,Caris LeVert,30,CLE,SF,38,3,23.8,3.6,7.8,.453,1.6,3.9,.405,2.0,3.9,.500,.554,1.5,2.2,.699,0.6,2.2,2.8,3.7,0.9,0.5,1.3,1.3,10.2,104,Caris LeVert,ATL,"$16,615,384",,,,,,"$16,615,384"
145,Caris LeVert,30,ATL,SG,21,0,26.9,5.5,11.6,.473,1.7,5.3,.321,3.8,6.2,.603,.547,1.9,2.6,.722,0.7,2.9,3.5,2.7,0.9,0.6,1.0,2.0,14.5,104,Caris LeVert,ATL,"$16,615,384",,,,,,"$16,615,384"
155,Spencer Dinwiddie,31,DAL,PG,75,28,26.8,3.7,8.6,.423,1.4,4.1,.338,2.3,4.5,.501,.504,2.4,3.0,.797,0.2,2.4,2.6,4.3,0.9,0.2,1.3,1.5,11.1,396,Spencer Dinwiddie,DAL,"$2,087,519",,,,,,"$2,087,519"
159,Gary Trent Jr.,26,MIL,SG,68,8,25.5,3.8,8.8,.434,2.4,5.8,.419,1.4,3.0,.461,.571,1.0,1.1,.870,0.3,2.0,2.3,1.1,1.0,0.1,0.6,1.7,11.0,387,Gary Trent Jr.,MIL,"$2,087,519",,,,,,"$2,087,519"
161,Tim Hardaway Jr.,32,DET,SG,71,71,27.9,3.6,8.7,.408,2.2,5.8,.370,1.4,2.9,.485,.531,1.6,1.9,.846,0.3,2.2,2.4,1.6,0.5,0.1,0.6,1.3,10.9,106,Tim Hardaway Jr.,DET,"$16,193,183",,,,,,"$16,193,183"
164,Brandon Boston Jr.,23,NOP,SG,42,10,23.6,4.0,9.1,.436,1.2,3.3,.350,2.8,5.7,.485,.500,1.6,2.0,.788,0.7,2.5,3.2,2.2,1.3,0.2,1.2,1.7,10.7,,,,,,,,,,
166,Guerschon Yabusele,29,PHI,C,68,41,26.8,3.9,7.8,.499,1.5,3.8,.383,2.4,4.0,.610,.593,1.4,1.9,.720,1.9,3.8,5.7,2.1,0.8,0.4,1.3,2.4,10.7,381,Guerschon Yabusele,PHI,"$2,087,519",,,,,,"$2,087,519"
172,Tyus Jones,28,PHO,PG,75,57,27.5,3.8,8.5,.450,2.1,5.0,.418,1.7,3.5,.496,.573,0.7,0.7,.891,0.5,1.9,2.4,5.5,0.8,0.1,1.2,0.8,10.4,376,Tyus Jones,PHO,"$2,087,519",,,,,,"$2,087,519"
176,De'Anthony Melton,26,GSW,SG,6,2,20.2,3.7,9.0,.407,2.2,5.8,.371,1.5,3.2,.474,.528,0.8,1.3,.625,1.0,2.3,3.3,2.8,1.2,0.3,1.7,3.0,10.3,127,De'Anthony Melton,BRK,"$12,822,000",,,,,,"$12,822,000"
183,Ziaire Williams,23,BRK,SF,60,42,24.8,3.4,8.4,.408,1.7,4.9,.338,1.8,3.5,.505,.506,1.6,1.9,.825,1.0,3.6,4.6,1.4,1.0,0.4,1.0,2.4,10.1,223,Ziaire Williams,BRK,"$6,133,005",,,,,,"$6,133,005"
185,Chris Boucher,32,TOR,PF,50,0,17.2,3.6,7.4,.492,1.4,3.9,.363,2.2,3.5,.633,.586,1.4,1.7,.782,1.4,3.1,4.5,0.7,0.5,0.5,0.6,1.4,10.0,156,Chris Boucher,TOR,"$10,810,000",,,,,,"$10,810,000"
186,N'Faly Dante,23,HOU,C,1,0,19.0,4.0,6.0,.667,0.0,0.0,,4.0,6.0,.667,.667,2.0,3.0,.667,4.0,5.0,9.0,1.0,0.0,2.0,1.0,4.0,10.0,,,,,,,,,,
191,Amir Coffey,27,LAC,SG,71,13,24.6,3.4,7.2,.471,1.4,3.5,.409,2.0,3.7,.529,.570,1.6,1.8,.891,0.5,1.8,2.3,1.1,0.6,0.1,0.6,1.7,9.8,277,Amir Coffey,LAC,"$3,938,271",,,,,,"$3,938,271"
199,Nickeil Alexander-Walker,26,MIN,SG,76,10,25.3,3.3,7.6,.439,1.8,4.5,.390,1.6,3.1,.513,.556,1.1,1.4,.777,0.6,2.6,3.2,2.6,0.6,0.4,1.2,1.7,9.5,263,Nickeil Alexander-Walker,MIN,"$4,312,500",,,,,,"$4,312,500"
200,Trendon Watford,24,BRK,PF,38,0,19.9,3.5,7.7,.457,0.7,2.1,.316,2.8,5.6,.509,.500,1.8,2.4,.753,0.7,2.6,3.3,2.4,0.7,0.3,1.8,2.1,9.5,320,Trendon Watford,BRK,"$2,726,603",,,,,,"$2,726,603"
209,Tosan Evbuomwan,23,BRK,SF,22,0,23.5,3.3,7.6,.431,0.8,2.6,.298,2.5,5.0,.500,.482,1.9,2.5,.745,1.2,2.8,4.0,1.6,0.7,0.3,1.4,1.8,9.2,,,,,,,,,,
212,Lonnie Walker IV,26,PHI,SG,14,3,20.9,3.4,8.6,.397,1.6,5.0,.329,1.8,3.6,.490,.492,0.7,0.9,.833,0.3,2.9,3.1,2.4,0.5,0.2,1.1,1.0,9.2,,,,,,,,,,
215,Dante Exum,29,DAL,PG,18,12,19.1,3.3,6.9,.480,1.2,2.6,.447,2.2,4.3,.500,.564,1.3,1.7,.742,0.2,1.4,1.7,2.8,0.7,0.2,1.1,1.7,9.1,298,Dante Exum,DAL,"$3,150,000",,,,,,"$3,150,000"
217,Luke Kennard,28,MEM,SG,61,11,22.7,3.3,6.8,.482,1.8,4.1,.440,1.5,2.7,.546,.615,0.8,0.9,.891,0.6,2.1,2.7,3.4,0.8,0.1,1.1,0.9,9.1,173,Luke Kennard,MEM,"$9,250,000",,,,,,"$9,250,000"
221,Killian Hayes,23,BRK,PG,6,5,27.0,3.0,7.2,.419,1.3,3.5,.381,1.7,3.7,.455,.512,1.7,2.0,.833,0.8,2.2,3.0,5.2,0.7,0.7,1.5,2.2,9.0,,,,,,,,,,
225,Clint Capela,30,ATL,C,55,41,21.4,4.0,7.1,.559,0.0,0.0,.000,4.0,7.1,.560,.559,0.9,1.8,.536,3.2,5.4,8.5,1.1,0.6,1.0,0.9,1.9,8.9,79,Clint Capela,ATL,"$22,265,280",,,,,,"$22,265,280"
226,Al Horford,38,BOS,C,57,40,27.7,3.2,7.6,.422,1.9,5.2,.360,1.3,2.4,.555,.545,0.6,0.7,.895,1.3,4.7,6.1,2.1,0.6,0.9,0.8,1.4,8.9,169,Al Horford,BOS,"$9,500,000",,,,,,"$9,500,000"
229,Chris Paul,39,SAS,PG,76,76,28.0,3.0,7.0,.428,1.8,4.6,.383,1.3,2.5,.511,.552,1.0,1.1,.940,0.4,3.2,3.6,7.6,1.3,0.3,1.6,1.8,8.8,159,Chris Paul,SAS,"$10,460,000",,,,,,"$10,460,000"
232,Oshae Brissett,26,PHI,SF,6,2,23.7,3.2,6.5,.487,1.0,3.0,.333,2.2,3.5,.619,.564,1.3,2.3,.571,1.2,2.5,3.7,0.7,0.7,0.5,1.3,2.3,8.7,,,,,,,,,,
233,Tyrese Martin,25,BRK,SG,57,10,21.8,3.1,7.6,.406,1.7,4.7,.361,1.4,3.0,.476,.516,0.8,1.0,.786,1.0,2.7,3.7,2.0,0.6,0.1,1.1,1.3,8.7,,,,,,,,,,
239,Larry Nance Jr.,32,ATL,PF,24,3,19.3,3.3,6.5,.516,1.4,3.2,.447,1.9,3.3,.582,.626,0.4,0.5,.692,1.0,3.3,4.3,1.6,0.8,0.5,0.7,1.5,8.5,149,Larry Nance Jr.,ATL,"$11,205,000",,,,,,"$11,205,000"
242,Jaylen Nowell,25,NOP,SG,8,0,21.0,3.3,9.1,.356,1.0,3.4,.296,2.3,5.8,.391,.411,0.9,1.4,.636,0.8,1.8,2.5,2.3,0.1,0.5,1.0,1.1,8.4,475,Jaylen Nowell,NOP,"$446,743",,,,,,"$278,782"
242,Jaylen Nowell,25,NOP,SG,8,0,21.0,3.3,9.1,.356,1.0,3.4,.296,2.3,5.8,.391,.411,0.9,1.4,.636,0.8,1.8,2.5,2.3,0.1,0.5,1.0,1.1,8.4,479,Jaylen Nowell,WAS,"$446,743",,,,,,"$167,961"
246,Bruce Brown,28,2TM,PG,38,9,22.2,3.1,7.4,.423,0.7,2.1,.333,2.4,5.3,.458,.470,1.3,1.6,.833,1.0,3.0,4.0,1.9,0.9,0.2,1.0,1.8,8.3,73,Bruce Brown,NOP,"$23,000,000",,,,,,"$23,000,000"
246,Bruce Brown,28,TOR,PG,18,0,19.6,3.2,7.3,.435,0.6,2.0,.306,2.6,5.3,.484,.477,1.4,1.6,.897,0.9,2.8,3.8,1.6,0.9,0.2,1.1,1.4,8.4,73,Bruce Brown,NOP,"$23,000,000",,,,,,"$23,000,000"
246,Bruce Brown,28,NOP,PG,20,9,24.5,3.1,7.5,.413,0.8,2.1,.357,2.4,5.4,.435,.463,1.2,1.6,.774,1.1,3.1,4.2,2.3,0.9,0.3,1.0,2.1,8.2,73,Bruce Brown,NOP,"$23,000,000",,,,,,"$23,000,000"
251,Brandon Williams,25,DAL,PG,31,2,14.8,2.9,5.7,.511,0.7,1.9,.379,2.2,3.9,.575,.573,1.7,2.0,.857,0.4,1.4,1.7,2.4,0.7,0.1,1.1,0.9,8.3,,,,,,,,,,
254,Taurean Prince,30,MIL,SF,74,67,27.0,2.9,6.4,.460,1.9,4.2,.450,1.1,2.2,.479,.607,0.4,0.5,.846,0.4,3.2,3.6,2.0,0.9,0.2,1.1,2.0,8.2,388,Taurean Prince,MIL,"$2,087,519",,,,,,"$2,087,519"
255,Tristan Vukcevic,21,WAS,C,31,1,13.2,3.0,6.3,.480,0.9,2.8,.337,2.1,3.5,.591,.554,1.2,1.6,.755,0.7,2.8,3.5,1.0,0.4,0.6,0.9,1.4,8.2,,,,,,,,,,
259,A.J. Lawson,24,TOR,SG,20,2,17.1,2.8,7.0,.400,1.3,4.0,.329,1.5,3.1,.492,.493,1.2,1.8,.639,0.7,2.5,3.2,0.9,0.3,0.2,0.4,1.6,8.1,,,,,,,,,,
261,Tyson Etienne,25,BRK,PG,1,0,10.0,3.0,7.0,.429,2.0,5.0,.400,1.0,2.0,.500,.571,0.0,0.0,,0.0,0.0,0.0,1.0,0.0,0.0,0.0,2.0,8.0,,,,,,,,,,
262,Daeqwon Plowden,26,ATL,SG,3,0,11.3,2.7,3.3,.800,2.0,2.7,.750,0.7,0.7,1.000,1.100,0.7,0.7,1.000,1.0,0.7,1.7,0.0,0.0,0.0,0.3,1.7,8.0,,,,,,,,,,
263,Day'Ron Sharpe,23,BRK,C,50,2,18.1,3.3,6.3,.521,0.2,0.9,.244,3.1,5.4,.566,.538,1.1,1.5,.757,3.0,3.6,6.6,1.8,0.8,0.8,1.3,2.3,7.9,275,Day'Ron Sharpe,BRK,"$3,989,122",,,,,,"$3,989,122"
264,Jalen Hood-Schifino,21,2TM,SG,10,0,19.4,2.6,6.2,.419,1.0,3.1,.323,1.6,3.1,.516,.500,1.6,1.9,.842,0.2,1.2,1.4,2.2,0.4,0.7,1.4,1.4,7.8,278,Jalen Hood-Schifino,UTA,"$3,879,840",,,,,,"$3,879,840"
264,Jalen Hood-Schifino,21,LAL,SG,2,0,7.0,0.5,0.5,1.000,0.0,0.0,,0.5,0.5,1.000,1.000,1.0,1.0,1.000,0.5,0.0,0.5,0.5,0.0,0.5,0.5,1.5,2.0,278,Jalen Hood-Schifino,UTA,"$3,879,840",,,,,,"$3,879,840"
264,Jalen Hood-Schifino,21,PHI,SG,8,0,22.5,3.1,7.6,.410,1.3,3.9,.323,1.9,3.8,.500,.492,1.8,2.1,.824,0.1,1.5,1.6,2.6,0.5,0.8,1.6,1.4,9.3,278,Jalen Hood-Schifino,UTA,"$3,879,840",,,,,,"$3,879,840"
265,Damion Baugh,24,CHO,SG,12,2,25.3,3.0,9.1,.330,0.8,3.8,.222,2.2,5.3,.406,.376,0.9,1.1,.846,0.8,2.2,3.0,3.8,1.2,0.1,1.9,1.7,7.8,,,,,,,,,,
266,Justin Champagnie,23,WAS,SF,56,25,20.2,3.0,6.0,.494,1.1,2.9,.369,1.9,3.2,.607,.581,0.8,1.2,.692,1.6,3.6,5.3,1.0,1.0,0.6,0.8,1.7,7.8,,,,,,,,,,
269,Davion Mitchell,26,2TM,PG,68,36,27.0,2.9,6.2,.463,1.1,2.8,.401,1.7,3.4,.515,.555,0.7,1.0,.667,0.5,1.7,2.2,4.8,0.9,0.2,1.8,2.5,7.5,217,Davion Mitchell,MIA,"$6,451,077",,,,,,"$6,451,077"
269,Davion Mitchell,26,TOR,PG,44,22,24.5,2.4,5.5,.434,1.0,2.7,.359,1.5,2.9,.504,.520,0.6,0.8,.676,0.4,1.6,1.9,4.6,0.7,0.2,1.8,2.6,6.3,217,Davion Mitchell,MIA,"$6,451,077",,,,,,"$6,451,077"
269,Davion Mitchell,26,MIA,PG,24,14,31.6,3.7,7.4,.503,1.5,3.1,.467,2.3,4.3,.529,.602,0.9,1.3,.656,0.7,2.0,2.6,5.0,1.3,0.3,1.7,2.3,9.8,217,Davion Mitchell,MIA,"$6,451,077",,,,,,"$6,451,077"
271,Dalano Banton,25,POR,PG,61,1,15.0,2.6,6.6,.403,1.0,2.9,.354,1.6,3.7,.440,.480,1.2,1.7,.718,0.4,1.5,1.9,2.2,0.7,0.5,1.1,0.8,7.5,352,Dalano Banton,POR,"$2,196,970",,,,,,"$2,019,706"
272,KJ Simpson,22,CHO,PG,30,9,22.1,2.7,7.9,.338,0.9,3.5,.250,1.8,4.4,.406,.392,1.3,1.6,.830,1.1,1.8,3.0,2.9,0.8,0.2,1.5,1.6,7.5,,,,,,,,,,
277,Garrison Mathews,28,ATL,SG,46,2,17.2,2.1,5.4,.395,1.8,4.6,.389,0.3,0.8,.432,.560,1.4,1.7,.818,0.3,1.5,1.8,1.3,0.6,0.3,0.6,1.7,7.4,348,Garrison Mathews,ATL,"$2,230,253",,,,,,"$2,230,253"
279,Tre Jones,25,2TM,PG,46,9,19.7,2.8,5.2,.538,0.4,1.0,.396,2.4,4.1,.574,.578,1.2,1.5,.821,0.7,1.8,2.5,4.2,0.8,0.2,0.8,1.2,7.2,179,Tre Jones,CHI,"$9,104,167",,,,,,"$9,104,167"
279,Tre Jones,25,SAS,PG,28,0,16.1,1.6,3.3,.484,0.3,0.9,.308,1.3,2.4,.552,.527,0.9,1.2,.758,0.5,1.5,2.1,3.7,0.6,0.2,0.8,1.2,4.4,179,Tre Jones,CHI,"$9,104,167",,,,,,"$9,104,167"
279,Tre Jones,25,CHI,PG,18,9,25.3,4.6,8.1,.572,0.6,1.2,.500,4.0,6.8,.585,.610,1.7,1.9,.882,0.9,2.3,3.2,4.9,1.1,0.3,0.8,1.2,11.5,179,Tre Jones,CHI,"$9,104,167",,,,,,"$9,104,167"
280,Jared Rhoden,25,2TM,SG,11,2,14.8,2.5,5.7,.429,0.8,2.6,.310,1.6,3.1,.529,.500,1.5,1.7,.842,1.0,1.7,2.7,0.8,0.6,0.2,0.6,1.2,7.2,,,,,,,,,,
280,Jared Rhoden,25,CHO,SG,4,0,3.0,0.5,2.0,.250,0.0,0.5,.000,0.5,1.5,.333,.250,0.0,0.0,,0.5,0.5,1.0,0.5,0.3,0.0,0.3,0.3,1.0,,,,,,,,,,
280,Jared Rhoden,25,TOR,SG,7,2,21.6,3.6,7.9,.455,1.3,3.9,.333,2.3,4.0,.571,.536,2.3,2.7,.842,1.3,2.4,3.7,1.0,0.9,0.3,0.9,1.7,10.7,,,,,,,,,,
283,Bol Bol,25,PHO,PF,34,10,13.0,2.8,5.4,.525,0.9,2.7,.344,1.9,2.6,.711,.612,0.6,0.8,.769,0.6,2.5,3.0,0.6,0.3,0.7,0.6,0.6,7.2,377,Bol Bol,PHO,"$2,087,519",,,,,,"$2,087,519"
284,Keion Brooks Jr.,24,NOP,SF,8,1,18.0,2.9,5.5,.523,0.8,2.1,.353,2.1,3.4,.630,.591,0.6,1.0,.625,0.6,2.4,3.0,1.0,0.5,0.8,0.8,1.9,7.1,,,,,,,,,,
286,Sam Merrill,28,CLE,SG,67,3,19.6,2.4,6.0,.403,1.9,5.1,.365,0.5,0.8,.636,.560,0.4,0.4,.966,0.6,1.7,2.2,1.5,0.7,0.2,0.5,1.7,7.1,353,Sam Merrill,CLE,"$2,164,993",,,,,,"$2,164,993"
289,Marcus Garrett,26,CHO,SG,4,0,19.8,2.8,6.8,.407,0.8,2.0,.375,2.0,4.8,.421,.463,0.8,1.0,.750,0.3,1.3,1.5,3.3,0.8,0.5,1.5,2.5,7.0,,,,,,,,,,
290,Jaxson Hayes,24,LAL,C,50,29,19.8,2.9,4.0,.731,0.0,0.1,.000,2.9,4.0,.742,.731,1.1,1.7,.663,1.4,3.4,4.7,1.1,0.5,0.9,0.8,2.4,7.0,337,Jaxson Hayes,LAL,"$2,463,946",,,,,,"$2,463,946"
291,Isaiah Jackson,23,IND,C,5,1,16.8,2.8,4.6,.609,0.0,0.0,,2.8,4.6,.609,.609,1.4,2.8,.500,2.2,3.4,5.6,1.0,0.6,1.6,1.0,2.8,7.0,262,Isaiah Jackson,IND,"$4,435,381",,,,,,"$4,435,381"
293,Cameron Payne,30,NYK,PG,66,4,14.9,2.5,6.1,.408,1.3,3.6,.366,1.2,2.5,.470,.516,0.7,0.7,.896,0.2,1.3,1.5,2.7,0.5,0.2,0.7,1.5,7.0,384,Cameron Payne,NYK,"$2,087,519",,,,,,"$2,087,519"
297,Chuma Okeke,26,PHI,PF,7,3,24.4,2.6,4.7,.545,1.4,3.1,.455,1.1,1.6,.727,.697,0.3,0.4,.667,2.9,3.3,6.1,1.9,0.7,0.4,0.4,0.7,6.9,490,Chuma Okeke,PHI,"$119,972",,,,,,"$119,972"
299,Alec Burks,33,MIA,SG,44,9,17.3,2.2,5.1,.427,1.7,3.9,.427,0.5,1.2,.426,.589,0.8,1.0,.761,0.3,2.2,2.5,1.1,0.6,0.2,0.5,0.7,6.8,389,Alec Burks,MIA,"$2,087,519",,,,,,"$2,087,519"
304,Thomas Bryant,27,2TM,C,60,7,14.9,2.6,5.0,.515,0.8,2.2,.338,1.8,2.7,.659,.591,0.8,1.0,.847,1.3,2.6,4.0,0.9,0.4,0.6,0.5,1.2,6.7,393,Thomas Bryant,IND,"$2,087,519",,,,,,"$2,087,519"
304,Thomas Bryant,27,MIA,C,10,0,11.5,1.2,2.8,.429,0.6,1.7,.353,0.6,1.1,.545,.536,1.1,1.1,1.000,0.6,2.6,3.2,0.4,0.1,0.9,0.2,0.9,4.1,393,Thomas Bryant,IND,"$2,087,519",,,,,,"$2,087,519"
304,Thomas Bryant,27,IND,C,50,7,15.5,2.8,5.4,.524,0.8,2.3,.336,2.0,3.1,.667,.597,0.8,1.0,.813,1.5,2.6,4.1,1.0,0.5,0.5,0.5,1.2,7.2,393,Thomas Bryant,IND,"$2,087,519",,,,,,"$2,087,519"
306,Orlando Robinson,24,2TM,C,40,6,16.8,2.5,5.7,.442,0.4,1.1,.349,2.1,4.6,.464,.476,1.2,1.6,.790,1.9,3.0,4.8,1.7,0.4,0.4,1.1,2.2,6.6,455,Orlando Robinson,SAC,"$1,199,723",,,,,,"$959,779"
306,Orlando Robinson,24,2TM,C,40,6,16.8,2.5,5.7,.442,0.4,1.1,.349,2.1,4.6,.464,.476,1.2,1.6,.790,1.9,3.0,4.8,1.7,0.4,0.4,1.1,2.2,6.6,483,Orlando Robinson,TOR,"$1,199,723",,,,,,"$239,944"
306,Orlando Robinson,24,2TM,C,40,6,16.8,2.5,5.7,.442,0.4,1.1,.349,2.1,4.6,.464,.476,1.2,1.6,.790,1.9,3.0,4.8,1.7,0.4,0.4,1.1,2.2,6.6,484,Orlando Robinson,TOR,"$1,199,723",,,,,,"$239,944"
306,Orlando Robinson,24,SAC,C,9,0,6.3,0.8,1.9,.412,0.1,0.6,.200,0.7,1.3,.500,.441,0.4,0.8,.571,0.3,1.2,1.6,1.0,0.3,0.1,0.4,0.7,2.1,455,Orlando Robinson,SAC,"$1,199,723",,,,,,"$959,779"
306,Orlando Robinson,24,SAC,C,9,0,6.3,0.8,1.9,.412,0.1,0.6,.200,0.7,1.3,.500,.441,0.4,0.8,.571,0.3,1.2,1.6,1.0,0.3,0.1,0.4,0.7,2.1,483,Orlando Robinson,TOR,"$1,199,723",,,,,,"$239,944"
306,Orlando Robinson,24,SAC,C,9,0,6.3,0.8,1.9,.412,0.1,0.6,.200,0.7,1.3,.500,.441,0.4,0.8,.571,0.3,1.2,1.6,1.0,0.3,0.1,0.4,0.7,2.1,484,Orlando Robinson,TOR,"$1,199,723",,,,,,"$239,944"
306,Orlando Robinson,24,TOR,C,31,6,19.8,3.0,6.7,.445,0.5,1.2,.368,2.5,5.5,.462,.478,1.5,1.8,.818,2.3,3.5,5.8,1.9,0.4,0.5,1.2,2.6,7.9,455,Orlando Robinson,SAC,"$1,199,723",,,,,,"$959,779"
306,Orlando Robinson,24,TOR,C,31,6,19.8,3.0,6.7,.445,0.5,1.2,.368,2.5,5.5,.462,.478,1.5,1.8,.818,2.3,3.5,5.8,1.9,0.4,0.5,1.2,2.6,7.9,483,Orlando Robinson,TOR,"$1,199,723",,,,,,"$239,944"
306,Orlando Robinson,24,TOR,C,31,6,19.8,3.0,6.7,.445,0.5,1.2,.368,2.5,5.5,.462,.478,1.5,1.8,.818,2.3,3.5,5.8,1.9,0.4,0.5,1.2,2.6,7.9,484,Orlando Robinson,TOR,"$1,199,723",,,,,,"$239,944"
308,Gary Payton II,32,GSW,SG,58,11,14.9,2.8,4.8,.585,0.5,1.5,.330,2.3,3.3,.704,.637,0.5,0.7,.711,0.8,2.1,3.0,1.3,0.8,0.3,0.6,1.7,6.6,177,Gary Payton II,GSW,"$9,130,000",,,,,,"$9,130,000"
311,Bones Hyland,24,2TM,PG,23,0,10.3,2.0,5.1,.398,1.4,3.6,.390,0.7,1.6,.417,.534,1.0,1.1,.885,0.2,0.8,1.0,1.4,0.8,0.2,1.1,1.3,6.5,268,Bones Hyland,ATL,"$4,158,439",,,,,,"$4,158,439"
311,Bones Hyland,24,LAC,PG,20,0,11.1,2.3,5.8,.391,1.6,4.0,.388,0.7,1.8,.400,.526,1.2,1.3,.885,0.3,1.0,1.2,1.4,0.9,0.2,1.2,1.3,7.2,268,Bones Hyland,ATL,"$4,158,439",,,,,,"$4,158,439"
311,Bones Hyland,24,MIN,PG,3,0,5.0,0.7,1.0,.667,0.3,0.7,.500,0.3,0.3,1.000,.833,0.0,0.0,,0.0,0.0,0.0,1.3,0.0,0.0,0.3,1.0,1.7,268,Bones Hyland,ATL,"$4,158,439",,,,,,"$4,158,439"
313,Jeff Dowtin,27,PHI,PG,39,3,14.4,2.6,5.2,.490,0.6,1.6,.393,1.9,3.7,.531,.549,0.7,1.0,.744,0.3,1.2,1.5,1.8,0.5,0.3,0.4,0.7,6.5,,,,,,,,,,
316,Precious Achiuwa,25,NYK,C,53,8,19.9,2.7,5.3,.512,0.2,0.6,.281,2.6,4.7,.542,.528,0.7,1.2,.594,1.8,3.6,5.5,0.9,0.8,0.7,0.8,1.3,6.4,225,Precious Achiuwa,NYK,"$6,000,000",,,,,,"$6,000,000"
322,Seth Curry,34,CHO,SG,64,12,15.4,2.3,5.0,.467,1.2,2.6,.449,1.1,2.3,.487,.585,0.4,0.5,.848,0.4,1.3,1.6,0.9,0.4,0.1,0.5,0.9,6.2,398,Seth Curry,CHO,"$2,087,519",,,,,,"$2,087,519"
323,Trey Lyles,29,SAC,PF,63,2,18.4,2.1,5.3,.405,1.1,3.4,.333,1.0,1.9,.534,.512,0.8,1.1,.721,1.1,3.3,4.5,1.2,0.6,0.3,0.6,1.2,6.2,194,Trey Lyles,SAC,"$8,000,000",,,,,,"$8,000,000"
324,Dru Smith,27,MIA,SG,14,1,19.1,2.2,4.4,.508,1.1,2.1,.533,1.1,2.2,.484,.639,0.6,0.9,.750,0.9,1.7,2.6,1.6,1.5,0.4,1.2,2.1,6.2,,,,,,,,,,
328,Jordan Goodwin,26,LAL,PG,22,5,19.4,2.4,5.0,.468,1.0,2.4,.404,1.4,2.7,.525,.563,0.4,0.5,.818,1.4,2.2,3.6,1.4,1.0,0.5,0.8,1.6,6.1,,,,,,,,,,
329,Jeremiah Robinson-Earl,24,NOP,PF,60,6,18.1,2.3,4.9,.464,0.8,2.3,.345,1.5,2.6,.571,.546,0.7,0.9,.843,1.5,2.9,4.4,1.2,0.6,0.1,0.7,1.2,6.1,350,Jeremiah Robinson-Earl,NOP,"$2,196,970",,,,,,"$2,196,970"
330,Talen Horton-Tucker,24,CHI,SG,52,0,11.6,2.2,4.8,.450,0.8,2.1,.361,1.4,2.7,.518,.528,1.0,1.3,.714,0.3,1.4,1.8,1.3,0.3,0.2,0.7,1.0,6.0,400,Talen Horton-Tucker,CHI,"$2,087,519",,,,,,"$2,087,519"
331,Sandro Mamukelashvili,25,SAS,PF,55,0,10.3,2.2,4.3,.509,1.0,2.5,.404,1.2,1.8,.653,.626,0.7,0.9,.712,1.0,1.9,2.9,0.7,0.4,0.3,0.4,0.9,6.0,374,Sandro Mamukelashvili,SAS,"$2,087,519",,,,,,"$2,087,519"
334,James Wiseman,23,IND,C,1,0,5.0,2.0,4.0,.500,0.0,1.0,.000,2.0,3.0,.667,.500,2.0,2.0,1.000,0.0,1.0,1.0,0.0,0.0,0.0,0.0,0.0,6.0,346,James Wiseman,TOR,"$2,237,691",,,,,,"$2,237,691"
335,Isaiah Wong,24,CHO,SG,20,0,13.3,2.1,5.3,.390,0.7,1.7,.394,1.4,3.6,.389,.452,1.3,1.7,.735,0.7,0.9,1.6,1.4,0.6,0.0,0.9,1.1,6.0,,,,,,,,,,
338,Ryan Rollins,22,MIL,PG,50,14,13.8,2.2,4.5,.489,0.8,2.1,.404,1.4,2.5,.561,.581,0.6,0.8,.821,0.4,1.5,1.9,1.6,0.7,0.3,0.9,1.5,5.9,466,Ryan Rollins,WAS,"$600,000",,,,,,"$600,000"
340,Moses Brown,25,2TM,C,13,2,9.2,2.6,3.8,.694,0.0,0.0,,2.6,3.8,.694,.694,0.6,0.8,.727,0.9,2.5,3.4,0.2,0.5,0.3,0.8,1.3,5.8,474,Moses Brown,IND,"$306,660",,,,,,"$306,660"
340,Moses Brown,25,IND,C,9,0,5.1,1.4,2.2,.650,0.0,0.0,,1.4,2.2,.650,.650,0.3,0.6,.600,0.4,1.0,1.4,0.0,0.2,0.1,0.7,0.7,3.2,474,Moses Brown,IND,"$306,660",,,,,,"$306,660"
340,Moses Brown,25,DAL,C,4,2,18.3,5.3,7.3,.724,0.0,0.0,,5.3,7.3,.724,.724,1.3,1.5,.833,2.0,5.8,7.8,0.5,1.0,0.8,1.3,2.8,11.8,474,Moses Brown,IND,"$306,660",,,,,,"$306,660"
342,Luke Kornet,29,BOS,C,67,13,18.3,2.4,3.5,.679,0.0,0.0,.000,2.4,3.5,.685,.679,0.9,1.3,.694,2.5,2.8,5.3,1.6,0.5,1.0,0.4,1.6,5.7,401,Luke Kornet,BOS,"$2,087,519",,,,,,"$2,087,519"
348,Oscar Tshiebwe,25,UTA,C,11,1,16.9,2.1,3.5,.590,0.0,0.0,,2.1,3.5,.590,.590,1.5,1.8,.800,2.7,5.1,7.8,0.6,0.8,0.0,0.5,1.6,5.6,,,,,,,,,,
349,Ben Simmons,28,2TM,PG,47,24,22.8,2.4,4.7,.525,0.0,0.0,,2.4,4.7,.525,.525,0.5,0.7,.727,0.9,4.0,4.9,5.9,0.8,0.5,2.1,2.1,5.4,27,Ben Simmons,BRK,"$40,011,909",,,,,,"$39,256,083"
349,Ben Simmons,28,2TM,PG,47,24,22.8,2.4,4.7,.525,0.0,0.0,,2.4,4.7,.525,.525,0.5,0.7,.727,0.9,4.0,4.9,5.9,0.8,0.5,2.1,2.1,5.4,458,Ben Simmons,LAC,"$40,011,909",,,,,,"$755,826"
349,Ben Simmons,28,BRK,PG,33,24,25.0,2.8,5.2,.547,0.0,0.0,,2.8,5.2,.547,.547,0.5,0.8,.692,0.9,4.3,5.2,6.9,0.8,0.5,2.7,2.5,6.2,27,Ben Simmons,BRK,"$40,011,909",,,,,,"$39,256,083"
349,Ben Simmons,28,BRK,PG,33,24,25.0,2.8,5.2,.547,0.0,0.0,,2.8,5.2,.547,.547,0.5,0.8,.692,0.9,4.3,5.2,6.9,0.8,0.5,2.7,2.5,6.2,458,Ben Simmons,LAC,"$40,011,909",,,,,,"$755,826"
349,Ben Simmons,28,LAC,PG,14,0,17.5,1.6,3.5,.449,0.0,0.0,,1.6,3.5,.449,.449,0.4,0.5,.857,0.9,3.3,4.2,3.4,0.9,0.4,0.8,1.3,3.6,27,Ben Simmons,BRK,"$40,011,909",,,,,,"$39,256,083"
349,Ben Simmons,28,LAC,PG,14,0,17.5,1.6,3.5,.449,0.0,0.0,,1.6,3.5,.449,.449,0.4,0.5,.857,0.9,3.3,4.2,3.4,0.9,0.4,0.8,1.3,3.6,458,Ben Simmons,LAC,"$40,011,909",,,,,,"$755,826"
352,Keaton Wallace,25,ATL,PG,28,4,16.2,2.0,4.9,.413,0.9,2.6,.356,1.1,2.3,.477,.507,0.4,0.4,1.000,0.3,1.1,1.4,2.2,0.8,0.3,1.0,1.3,5.4,,,,,,,,,,
353,Javonte Green,31,2TM,SG,63,18,19.0,1.8,4.2,.439,0.7,2.1,.354,1.1,2.1,.522,.527,0.9,1.2,.730,0.9,2.4,3.3,0.8,1.0,0.5,0.5,1.4,5.3,434,Javonte Green,NOP,"$1,728,488",,,,,,"$1,728,488"
353,Javonte Green,31,NOP,SG,50,18,21.8,2.0,4.5,.446,0.8,2.2,.352,1.2,2.3,.534,.531,1.0,1.3,.758,1.0,2.6,3.6,0.9,1.1,0.6,0.6,1.5,5.8,434,Javonte Green,NOP,"$1,728,488",,,,,,"$1,728,488"
353,Javonte Green,31,CLE,SG,13,0,8.0,1.2,3.1,.400,0.6,1.7,.364,0.6,1.4,.444,.500,0.3,0.6,.500,0.6,1.5,2.2,0.5,0.5,0.0,0.2,1.1,3.4,434,Javonte Green,NOP,"$1,728,488",,,,,,"$1,728,488"
354,Alex Reese,25,2TM,PF,13,0,15.3,1.8,3.7,.500,1.0,2.7,.371,0.8,1.0,.846,.635,0.6,0.8,.800,0.7,2.6,3.3,0.3,0.7,0.6,0.4,1.5,5.3,,,,,,,,,,
354,Alex Reese,25,OKC,PF,1,0,2.0,1.0,1.0,1.000,0.0,0.0,,1.0,1.0,1.000,1.000,0.0,0.0,,1.0,0.0,1.0,0.0,0.0,0.0,0.0,0.0,2.0,,,,,,,,,,
354,Alex Reese,25,PHI,PF,12,0,16.4,1.9,3.9,.489,1.1,2.9,.371,0.8,1.0,.833,.628,0.7,0.8,.800,0.7,2.8,3.5,0.3,0.8,0.7,0.4,1.7,5.6,,,,,,,,,,
360,Bismack Biyombo,32,SAS,C,22,20,18.8,2.4,3.7,.642,0.0,0.0,,2.4,3.7,.642,.642,0.5,1.1,.417,1.4,3.9,5.3,1.2,0.6,0.9,0.8,1.9,5.2,480,Bismack Biyombo,SAS,"$143,967",,,,,,"$287,934"
360,Bismack Biyombo,32,SAS,C,22,20,18.8,2.4,3.7,.642,0.0,0.0,,2.4,3.7,.642,.642,0.5,1.1,.417,1.4,3.9,5.3,1.2,0.6,0.9,0.8,1.9,5.2,481,Bismack Biyombo,SAS,"$143,967",,,,,,"$287,934"
363,Collin Gillespie,25,PHO,PG,27,8,12.3,1.8,4.0,.454,1.0,2.1,.448,0.9,1.9,.460,.574,0.5,0.6,.875,0.6,1.4,2.0,2.3,0.4,0.1,0.5,0.9,5.1,,,,,,,,,,
364,Monte Morris,29,PHO,PG,43,0,12.6,1.8,4.3,.416,0.7,1.9,.346,1.1,2.4,.471,.492,0.8,1.0,.857,0.3,1.2,1.4,1.6,0.5,0.1,0.4,0.5,5.1,378,Monte Morris,PHO,"$2,087,519",,,,,,"$2,087,519"
365,Alondes Williams,25,DET,SG,1,0,4.0,2.0,2.0,1.000,1.0,1.0,1.000,1.0,1.0,1.000,1.250,0.0,0.0,,0.0,0.0,0.0,1.0,0.0,0.0,0.0,0.0,5.0,,,,,,,,,,
366,Jeff Green,38,HOU,PF,29,2,11.9,1.8,3.4,.510,0.8,2.1,.371,1.0,1.3,.737,.625,0.6,0.7,.850,0.3,1.3,1.7,0.4,0.2,0.1,0.3,1.0,4.9,195,Jeff Green,HOU,"$8,000,000",,,,,,"$8,000,000"
367,Quenton Jackson,26,IND,PG,26,7,12.4,1.8,3.8,.485,0.5,1.2,.387,1.4,2.6,.529,.545,0.8,1.0,.741,0.5,0.9,1.4,1.8,0.7,0.2,0.5,1.5,4.9,,,,,,,,,,
369,Cole Swider,25,2TM,SF,6,0,15.2,1.8,5.3,.344,1.2,4.3,.269,0.7,1.0,.667,.453,0.0,0.2,.000,0.3,1.5,1.8,0.2,0.3,0.2,0.0,1.2,4.8,,,,,,,,,,
369,Cole Swider,25,DET,SF,2,0,6.5,0.0,2.5,.000,0.0,2.5,.000,0.0,0.0,,.000,0.0,0.0,,0.0,1.0,1.0,0.5,0.0,0.0,0.0,0.5,0.0,,,,,,,,,,
369,Cole Swider,25,TOR,SF,4,0,19.5,2.8,6.8,.407,1.8,5.3,.333,1.0,1.5,.667,.537,0.0,0.3,.000,0.5,1.8,2.3,0.0,0.5,0.3,0.0,1.5,7.3,,,,,,,,,,
371,Landry Shamet,27,NYK,SG,44,0,14.4,1.9,4.1,.453,1.0,2.6,.362,0.9,1.5,.615,.569,0.2,0.3,.538,0.2,0.9,1.1,0.5,0.5,0.0,0.4,1.0,4.8,438,Landry Shamet,NYK,"$1,343,690",,,,,,"$1,343,690"
372,Torrey Craig,34,2TM,SF,22,2,10.9,1.6,3.5,.462,1.0,2.6,.397,0.6,0.9,.650,.609,0.4,0.5,.667,1.0,1.3,2.3,0.4,0.2,0.3,0.1,1.3,4.7,314,Torrey Craig,CHI,"$3,625,162",,,,,,"$2,845,342"
372,Torrey Craig,34,2TM,SF,22,2,10.9,1.6,3.5,.462,1.0,2.6,.397,0.6,0.9,.650,.609,0.4,0.5,.667,1.0,1.3,2.3,0.4,0.2,0.3,0.1,1.3,4.7,457,Torrey Craig,BOS,"$3,625,162",,,,,,"$779,820"
372,Torrey Craig,34,CHI,SF,9,1,12.6,2.4,5.0,.489,1.7,3.9,.429,0.8,1.1,.700,.656,0.3,0.4,.750,0.9,1.9,2.8,0.6,0.2,0.1,0.0,1.7,6.9,314,Torrey Craig,CHI,"$3,625,162",,,,,,"$2,845,342"
372,Torrey Craig,34,CHI,SF,9,1,12.6,2.4,5.0,.489,1.7,3.9,.429,0.8,1.1,.700,.656,0.3,0.4,.750,0.9,1.9,2.8,0.6,0.2,0.1,0.0,1.7,6.9,457,Torrey Craig,BOS,"$3,625,162",,,,,,"$779,820"
372,Torrey Craig,34,BOS,SF,13,1,9.7,1.1,2.5,.424,0.6,1.8,.348,0.5,0.8,.600,.545,0.4,0.6,.625,1.1,0.8,1.9,0.3,0.2,0.5,0.2,1.1,3.2,314,Torrey Craig,CHI,"$3,625,162",,,,,,"$2,845,342"
372,Torrey Craig,34,BOS,SF,13,1,9.7,1.1,2.5,.424,0.6,1.8,.348,0.5,0.8,.600,.545,0.4,0.6,.625,1.1,0.8,1.9,0.3,0.2,0.5,0.2,1.1,3.2,457,Torrey Craig,BOS,"$3,625,162",,,,,,"$779,820"
373,David Roddy,23,2TM,PF,30,3,12.5,1.7,3.7,.464,0.6,1.8,.333,1.1,1.9,.586,.545,0.6,0.7,.818,0.4,2.2,2.6,1.1,0.5,0.3,0.7,0.6,4.7,313,David Roddy,ATL,"$2,967,212",,,,,,"$2,847,240"
373,David Roddy,23,2TM,PF,30,3,12.5,1.7,3.7,.464,0.6,1.8,.333,1.1,1.9,.586,.545,0.6,0.7,.818,0.4,2.2,2.6,1.1,0.5,0.3,0.7,0.6,4.7,489,David Roddy,PHI,"$2,967,212",,,,,,"$119,972"
373,David Roddy,23,ATL,PF,27,3,12.8,1.6,3.4,.473,0.6,1.6,.372,1.0,1.9,.560,.559,0.7,0.8,.818,0.4,2.2,2.6,1.1,0.4,0.3,0.7,0.7,4.5,313,David Roddy,ATL,"$2,967,212",,,,,,"$2,847,240"
373,David Roddy,23,ATL,PF,27,3,12.8,1.6,3.4,.473,0.6,1.6,.372,1.0,1.9,.560,.559,0.7,0.8,.818,0.4,2.2,2.6,1.1,0.4,0.3,0.7,0.7,4.5,489,David Roddy,PHI,"$2,967,212",,,,,,"$119,972"
373,David Roddy,23,PHI,PF,3,0,9.7,2.7,6.3,.421,0.7,3.7,.182,2.0,2.7,.750,.474,0.0,0.0,,0.7,2.3,3.0,1.0,0.7,0.0,0.3,0.3,6.0,313,David Roddy,ATL,"$2,967,212",,,,,,"$2,847,240"
373,David Roddy,23,PHI,PF,3,0,9.7,2.7,6.3,.421,0.7,3.7,.182,2.0,2.7,.750,.474,0.0,0.0,,0.7,2.3,3.0,1.0,0.7,0.0,0.3,0.3,6.0,489,David Roddy,PHI,"$2,967,212",,,,,,"$119,972"
374,Lindy Waters III,27,2TM,SG,50,9,14.7,1.7,4.6,.370,1.1,3.4,.339,0.6,1.2,.452,.493,0.2,0.2,.727,0.4,1.7,2.1,1.0,0.5,0.2,0.4,1.2,4.7,351,Lindy Waters III,DET,"$2,196,970",,,,,,"$2,196,970"
374,Lindy Waters III,27,GSW,SG,38,9,17.2,2.0,5.4,.371,1.3,3.9,.331,0.7,1.5,.474,.490,0.2,0.3,.727,0.4,2.1,2.5,1.1,0.6,0.3,0.4,1.4,5.5,351,Lindy Waters III,DET,"$2,196,970",,,,,,"$2,196,970"
374,Lindy Waters III,27,DET,SG,12,0,6.7,0.8,2.1,.360,0.7,1.7,.400,0.1,0.4,.200,.520,0.0,0.0,,0.3,0.3,0.7,0.6,0.3,0.0,0.3,0.5,2.2,351,Lindy Waters III,DET,"$2,196,970",,,,,,"$2,196,970"
378,Jaylen Clark,23,MIN,SG,34,4,14.1,1.6,3.4,.479,0.6,1.5,.431,1.0,1.9,.515,.573,0.6,0.9,.759,0.7,0.7,1.4,0.7,1.0,0.1,0.2,1.7,4.6,,,,,,,,,,
379,Kevon Looney,28,GSW,C,69,6,15.0,1.9,3.8,.510,0.0,0.1,.400,1.9,3.7,.512,.513,0.7,1.3,.551,2.6,3.7,6.2,1.6,0.6,0.5,0.5,2.1,4.6,196,Kevon Looney,GSW,"$8,000,000",,,,,,"$8,000,000"
380,Jabari Walker,22,POR,SF,54,1,11.4,1.7,3.4,.508,0.4,1.1,.393,1.3,2.3,.565,.573,0.7,1.0,.679,1.0,2.4,3.4,0.6,0.5,0.1,0.5,1.4,4.6,405,Jabari Walker,POR,"$2,019,699",,,,,,"$2,019,699"
382,Jaylen Martin,21,2TM,SF,14,0,13.4,1.9,4.1,.448,0.4,1.3,.333,1.4,2.9,.500,.500,0.4,0.4,1.000,0.6,2.1,2.7,0.9,0.3,0.0,0.7,0.7,4.5,,,,,,,,,,
382,Jaylen Martin,21,BRK,SF,3,0,1.7,0.3,0.7,.500,0.3,0.3,1.000,0.0,0.3,.000,.750,0.0,0.0,,0.0,0.0,0.0,0.0,0.0,0.0,0.0,0.3,1.0,,,,,,,,,,
382,Jaylen Martin,21,WAS,SF,11,0,16.5,2.3,5.1,.446,0.5,1.5,.294,1.8,3.5,.513,.491,0.5,0.5,1.000,0.8,2.6,3.5,1.2,0.4,0.0,0.9,0.8,5.5,,,,,,,,,,
385,Mason Plumlee,34,PHO,C,70,20,17.5,1.7,2.8,.613,0.0,0.0,.000,1.7,2.7,.623,.613,1.1,1.7,.655,1.6,4.6,6.2,1.8,0.4,0.6,0.8,2.1,4.5,379,Mason Plumlee,PHO,"$2,087,519",,,,,,"$2,087,519"
388,Reggie Jackson,34,PHI,PG,31,1,12.4,1.7,4.3,.391,0.8,2.4,.338,0.9,1.9,.458,.485,0.2,0.3,.778,0.3,1.1,1.4,1.5,0.5,0.1,0.5,1.1,4.4,368,Reggie Jackson,WAS,"$4,033,748",,,,,,"$2,087,519"
388,Reggie Jackson,34,PHI,PG,31,1,12.4,1.7,4.3,.391,0.8,2.4,.338,0.9,1.9,.458,.485,0.2,0.3,.778,0.3,1.1,1.4,1.5,0.5,0.1,0.5,1.1,4.4,411,Reggie Jackson,CHO,"$4,033,748",,,,,,"$1,946,229"
390,Jordan Miller,25,LAC,SF,34,0,12.1,1.7,3.9,.435,0.2,1.1,.216,1.4,2.8,.521,.466,0.8,1.0,.788,0.7,1.0,1.7,1.0,0.5,0.1,0.7,0.7,4.4,,,,,,,,,,
395,Kai Jones,24,2TM,C,37,6,10.8,1.9,2.4,.793,0.0,0.1,.250,1.8,2.2,.819,.799,0.6,0.8,.750,0.9,2.0,2.9,0.6,0.3,0.5,0.4,1.1,4.3,,,,,,,,,,
395,Kai Jones,24,LAC,C,28,0,7.4,0.9,1.3,.722,0.0,0.1,.000,0.9,1.2,.765,.722,0.3,0.4,.750,0.5,1.1,1.6,0.4,0.2,0.5,0.4,0.8,2.2,,,,,,,,,,
395,Kai Jones,24,DAL,C,9,6,21.2,4.8,5.7,.843,0.1,0.2,.500,4.7,5.4,.857,.853,1.3,1.8,.750,2.1,4.7,6.8,1.2,0.7,0.8,0.4,2.1,11.0,,,,,,,,,,
396,Mo Bamba,26,2TM,C,32,2,12.9,1.6,3.5,.464,0.5,1.7,.278,1.2,1.8,.638,.531,0.6,0.8,.704,1.0,3.5,4.5,0.6,0.3,1.0,0.6,1.8,4.3,370,Mo Bamba,UTA,"$2,087,519",,,,,,"$2,087,519"
396,Mo Bamba,26,LAC,C,28,2,12.6,1.7,3.7,.466,0.5,1.8,.300,1.2,1.9,.623,.539,0.6,0.9,.680,0.9,3.4,4.3,0.6,0.3,1.0,0.7,1.8,4.6,370,Mo Bamba,UTA,"$2,087,519",,,,,,"$2,087,519"
396,Mo Bamba,26,NOP,C,4,0,15.3,1.0,2.3,.444,0.0,1.0,.000,1.0,1.3,.800,.444,0.5,0.5,1.000,1.5,4.8,6.3,0.5,0.0,0.8,0.3,1.8,2.5,370,Mo Bamba,UTA,"$2,087,519",,,,,,"$2,087,519"
397,Dominick Barlow,21,ATL,SF,30,3,10.7,1.7,3.3,.525,0.2,0.8,.304,1.5,2.5,.592,.561,0.6,0.9,.692,1.0,1.4,2.5,0.5,0.3,0.5,0.1,1.3,4.3,,,,,,,,,,
399,Trevelin Queen,27,ORL,SG,29,2,13.6,1.6,4.6,.351,0.6,2.4,.246,1.0,2.2,.462,.414,0.5,0.6,.882,0.8,0.8,1.6,1.2,1.0,0.3,0.8,1.3,4.3,,,,,,,,,,
400,Daniel Theis,32,NOP,C,38,9,16.3,1.6,3.4,.473,0.2,1.0,.243,1.4,2.4,.565,.508,0.8,1.0,.838,1.2,3.2,4.3,1.6,0.5,0.5,0.7,1.8,4.3,383,Daniel Theis,OKC,"$2,087,519",,,,,,"$2,087,519"
401,Colin Castleton,24,2TM,C,20,4,15.3,1.5,3.4,.433,0.1,0.6,.167,1.4,2.8,.491,.448,1.2,1.4,.821,1.8,2.4,4.2,0.9,0.4,0.5,1.1,1.6,4.2,,,,,,,,,,
401,Colin Castleton,24,MEM,C,10,0,4.6,0.2,1.0,.200,0.0,0.4,.000,0.2,0.6,.333,.200,1.0,1.1,.909,0.3,0.6,0.9,0.0,0.1,0.1,0.1,0.6,1.4,,,,,,,,,,
401,Colin Castleton,24,TOR,C,10,4,25.9,2.7,5.7,.474,0.2,0.8,.250,2.5,4.9,.510,.491,1.3,1.7,.765,3.3,4.1,7.4,1.8,0.6,0.8,2.1,2.6,6.9,,,,,,,,,,
402,Marcus Bagley,23,PHI,SF,5,0,20.0,1.8,4.8,.375,0.0,2.4,.000,1.8,2.4,.750,.375,0.6,0.8,.750,1.4,3.8,5.2,0.2,0.4,1.2,0.4,1.0,4.2,,,,,,,,,,
404,Kessler Edwards,24,DAL,SF,40,18,15.2,1.7,3.4,.496,0.6,1.4,.407,1.1,2.0,.556,.578,0.3,0.3,.923,0.6,2.3,2.9,1.1,0.5,0.5,0.4,1.6,4.2,,,,,,,,,,
405,Micah Potter,26,UTA,C,33,10,17.7,1.4,3.4,.423,0.9,2.5,.354,0.5,0.9,.621,.554,0.5,0.5,.889,1.1,3.0,4.2,0.8,0.3,0.3,0.8,1.3,4.2,,,,,,,,,,
406,Paul Reed,25,DET,C,41,0,9.3,1.6,3.0,.528,0.2,0.6,.320,1.4,2.4,.580,.560,0.8,1.0,.762,0.9,1.8,2.7,0.9,0.9,0.5,0.6,1.6,4.2,335,Paul Reed,DET,"$3,913,234",,,,,,"$3,913,234"
406,Paul Reed,25,DET,C,41,0,9.3,1.6,3.0,.528,0.2,0.6,.320,1.4,2.4,.580,.560,0.8,1.0,.762,0.9,1.8,2.7,0.9,0.9,0.5,0.6,1.6,4.2,436,Paul Reed,DET,"$3,913,234",,,,,,"$3,913,234"
411,Wendell Moore Jr.,23,2TM,SG,33,1,13.6,1.6,3.4,.464,0.3,1.0,.333,1.2,2.4,.519,.513,0.5,0.7,.818,0.8,1.8,2.7,1.1,0.5,0.2,0.7,0.9,4.0,330,Wendell Moore Jr.,DET,"$2,537,040",,,,,,"$2,537,040"
411,Wendell Moore Jr.,23,DET,SG,20,1,11.0,1.2,2.5,.460,0.2,0.7,.286,1.0,1.8,.528,.500,0.7,0.7,.929,0.6,1.7,2.2,1.2,0.5,0.2,0.5,0.8,3.2,330,Wendell Moore Jr.,DET,"$2,537,040",,,,,,"$2,537,040"
411,Wendell Moore Jr.,23,CHO,SG,13,0,17.6,2.2,4.8,.468,0.5,1.5,.368,1.7,3.3,.512,.524,0.4,0.6,.625,1.3,2.2,3.5,1.1,0.6,0.2,1.0,1.2,5.4,330,Wendell Moore Jr.,DET,"$2,537,040",,,,,,"$2,537,040"
412,Marvin Bagley III,25,2TM,PF,28,1,8.3,1.6,3.1,.506,0.1,0.6,.188,1.5,2.5,.577,.523,0.7,1.1,.645,1.2,1.4,2.6,0.3,0.3,0.3,0.4,0.5,4.0,136,Marvin Bagley III,MEM,"$12,500,000",,,,,,"$12,500,000"
412,Marvin Bagley III,25,WAS,C,19,1,8.7,2.0,3.7,.535,0.1,0.5,.200,1.9,3.2,.590,.549,0.8,1.2,.652,1.4,1.5,2.9,0.4,0.4,0.3,0.6,0.6,4.9,136,Marvin Bagley III,MEM,"$12,500,000",,,,,,"$12,500,000"
412,Marvin Bagley III,25,MEM,PF,9,0,7.2,0.7,1.8,.375,0.1,0.7,.167,0.6,1.1,.500,.406,0.6,0.9,.625,0.7,1.1,1.8,0.1,0.1,0.3,0.0,0.3,2.0,136,Marvin Bagley III,MEM,"$12,500,000",,,,,,"$12,500,000"
413,Malachi Flynn,26,CHO,PG,4,0,11.0,1.3,3.3,.385,0.3,1.0,.250,1.0,2.3,.444,.423,1.3,1.5,.833,0.8,1.0,1.8,1.8,0.8,0.0,1.0,1.0,4.0,,,,,,,,,,
414,Josh Richardson,31,MIA,SG,8,0,18.8,1.4,4.8,.289,0.8,2.8,.273,0.6,2.0,.313,.368,0.5,0.5,1.000,0.8,0.8,1.5,1.5,1.0,0.1,1.0,2.1,4.0,304,Josh Richardson,UTA,"$3,051,153",,,,,,"$3,051,153"
415,Elfrid Payton,30,2TM,PG,18,5,20.4,1.9,5.3,.365,0.0,0.1,.000,1.9,5.3,.368,.365,0.1,0.2,.333,0.5,2.6,3.1,5.7,1.1,0.5,2.4,1.5,3.9,476,Elfrid Payton,NOP,"$514,753",,,,,,"$274,809"
415,Elfrid Payton,30,2TM,PG,18,5,20.4,1.9,5.3,.365,0.0,0.1,.000,1.9,5.3,.368,.365,0.1,0.2,.333,0.5,2.6,3.1,5.7,1.1,0.5,2.4,1.5,3.9,485,Elfrid Payton,CHO,"$514,753",,,,,,"$239,944"
415,Elfrid Payton,30,2TM,PG,18,5,20.4,1.9,5.3,.365,0.0,0.1,.000,1.9,5.3,.368,.365,0.1,0.2,.333,0.5,2.6,3.1,5.7,1.1,0.5,2.4,1.5,3.9,486,Elfrid Payton,CHO,"$514,753",,,,,,"$239,944"
415,Elfrid Payton,30,NOP,PG,12,3,20.3,2.7,6.3,.427,0.0,0.1,.000,2.7,6.2,.432,.427,0.1,0.3,.333,0.7,2.8,3.5,6.9,1.1,0.5,3.0,1.3,5.4,476,Elfrid Payton,NOP,"$514,753",,,,,,"$274,809"
415,Elfrid Payton,30,NOP,PG,12,3,20.3,2.7,6.3,.427,0.0,0.1,.000,2.7,6.2,.432,.427,0.1,0.3,.333,0.7,2.8,3.5,6.9,1.1,0.5,3.0,1.3,5.4,485,Elfrid Payton,CHO,"$514,753",,,,,,"$239,944"
415,Elfrid Payton,30,NOP,PG,12,3,20.3,2.7,6.3,.427,0.0,0.1,.000,2.7,6.2,.432,.427,0.1,0.3,.333,0.7,2.8,3.5,6.9,1.1,0.5,3.0,1.3,5.4,486,Elfrid Payton,CHO,"$514,753",,,,,,"$239,944"
415,Elfrid Payton,30,CHO,PG,6,2,20.5,0.5,3.5,.143,0.0,0.0,,0.5,3.5,.143,.143,0.0,0.0,,0.2,2.0,2.2,3.3,1.0,0.5,1.2,2.0,1.0,476,Elfrid Payton,NOP,"$514,753",,,,,,"$274,809"
415,Elfrid Payton,30,CHO,PG,6,2,20.5,0.5,3.5,.143,0.0,0.0,,0.5,3.5,.143,.143,0.0,0.0,,0.2,2.0,2.2,3.3,1.0,0.5,1.2,2.0,1.0,485,Elfrid Payton,CHO,"$514,753",,,,,,"$239,944"
415,Elfrid Payton,30,CHO,PG,6,2,20.5,0.5,3.5,.143,0.0,0.0,,0.5,3.5,.143,.143,0.0,0.0,,0.2,2.0,2.2,3.3,1.0,0.5,1.2,2.0,1.0,486,Elfrid Payton,CHO,"$514,753",,,,,,"$239,944"
417,Kyle Lowry,38,PHI,PG,34,12,18.8,1.1,3.3,.348,0.8,2.5,.333,0.3,0.8,.393,.473,0.8,1.0,.818,0.3,1.6,1.9,2.8,1.0,0.3,0.6,1.8,3.9,382,Kyle Lowry,PHI,"$2,087,519",,,,,,"$2,087,519"
420,Patty Mills,36,2TM,PG,27,0,11.3,1.2,3.3,.367,0.9,2.6,.338,0.3,0.7,.474,.500,0.5,0.5,.929,0.1,0.7,0.8,0.9,0.5,0.1,0.6,0.8,3.8,391,Patty Mills,LAC,"$2,087,519",,,,,,"$2,087,519"
420,Patty Mills,36,UTA,PG,17,0,15.3,1.5,4.5,.342,1.0,3.4,.298,0.5,1.1,.474,.454,0.3,0.3,1.000,0.2,1.1,1.2,1.2,0.7,0.2,0.9,0.7,4.4,391,Patty Mills,LAC,"$2,087,519",,,,,,"$2,087,519"
420,Patty Mills,36,LAC,PG,10,0,4.5,0.7,1.4,.500,0.7,1.4,.500,0.0,0.0,,.750,0.8,0.9,.889,0.0,0.0,0.0,0.4,0.1,0.0,0.1,0.9,2.9,391,Patty Mills,LAC,"$2,087,519",,,,,,"$2,087,519"
421,Steven Adams,31,HOU,C,55,2,13.4,1.5,2.8,.545,0.0,0.0,.000,1.5,2.8,.553,.545,0.8,1.7,.462,2.8,2.6,5.5,1.2,0.4,0.5,1.0,1.0,3.8,132,Steven Adams,HOU,"$12,600,000",,,,,,"$12,600,000"
426,DeAndre Jordan,36,DEN,C,52,5,12.6,1.7,2.5,.656,0.0,0.0,,1.7,2.5,.656,.656,0.5,1.1,.431,1.5,3.7,5.1,1.0,0.3,0.4,0.8,1.4,3.8,394,DeAndre Jordan,DEN,"$2,087,519",,,,,,"$2,087,519"
428,Trentyn Flowers,19,LAC,SF,3,0,6.0,1.3,3.0,.444,0.0,0.7,.000,1.3,2.3,.571,.444,1.0,1.0,1.000,0.3,1.0,1.3,0.0,0.0,0.0,0.3,1.0,3.7,,,,,,,,,,
429,Cam Spencer,24,MEM,SG,21,0,9.6,1.1,2.8,.414,0.6,1.7,.361,0.5,1.0,.500,.526,0.8,0.8,1.000,0.4,0.9,1.3,1.2,0.3,0.0,0.2,0.9,3.7,,,,,,,,,,
430,JT Thor,22,2TM,PF,16,0,10.8,1.3,2.8,.467,0.3,1.1,.294,1.0,1.8,.571,.522,0.7,1.0,.688,0.9,1.2,2.1,0.4,0.4,0.4,0.5,0.9,3.6,,,,,,,,,,
430,JT Thor,22,CLE,PF,9,0,4.7,1.0,1.7,.600,0.3,0.7,.500,0.7,1.0,.667,.700,0.8,0.9,.875,0.3,0.3,0.7,0.1,0.2,0.3,0.7,0.7,3.1,,,,,,,,,,
430,JT Thor,22,WAS,PF,7,0,18.7,1.7,4.3,.400,0.3,1.6,.182,1.4,2.7,.526,.433,0.6,1.1,.500,1.7,2.3,4.0,0.7,0.7,0.4,0.3,1.3,4.3,,,,,,,,,,
432,Isaac Jones,24,SAC,PF,35,0,7.8,1.5,2.1,.680,0.1,0.2,.333,1.4,2.0,.710,.693,0.7,1.0,.639,0.5,0.9,1.4,0.3,0.1,0.3,0.4,0.8,3.6,,,,,,,,,,
434,Tony Bradley,27,IND,C,10,0,5.7,1.7,2.1,.810,0.1,0.3,.333,1.6,1.8,.889,.833,0.0,0.2,.000,0.7,1.2,1.9,0.3,0.1,0.4,0.4,0.6,3.5,,,,,,,,,,
436,Damion Lee,32,PHO,SG,20,0,6.1,1.1,3.1,.344,0.4,1.5,.233,0.7,1.6,.452,.402,1.0,1.1,.952,0.1,0.7,0.8,0.5,0.3,0.0,0.4,0.3,3.5,380,Damion Lee,PHO,"$2,087,519",,,,,,"$2,087,519"
438,Jae'Sean Tate,29,HOU,SF,49,2,11.3,1.3,2.8,.460,0.2,0.8,.308,1.1,2.0,.520,.504,0.7,1.0,.681,1.0,1.3,2.3,0.9,0.5,0.1,0.4,1.6,3.5,204,Jae'Sean Tate,HOU,"$7,565,217",,,,,,"$7,565,217"
440,Bruno Fernando,26,TOR,C,17,2,8.6,1.5,2.9,.531,0.0,0.0,,1.5,2.9,.531,.531,0.4,0.5,.750,1.2,1.8,3.0,1.1,0.2,0.5,0.8,1.6,3.4,449,Bruno Fernando,TOR,"$1,115,128",,,,,,"$1,115,128"
442,Kevin Knox,25,GSW,SF,10,0,6.9,1.4,2.8,.500,0.3,1.1,.273,1.1,1.7,.647,.554,0.3,0.4,.750,0.6,0.8,1.4,0.4,0.2,0.4,0.1,0.5,3.4,,,,,,,,,,
443,Doug McDermott,33,SAC,SF,38,3,8.0,1.2,2.7,.431,1.0,2.3,.432,0.2,0.4,.429,.618,0.1,0.1,.600,0.1,0.4,0.5,0.1,0.1,0.1,0.2,0.7,3.4,375,Doug McDermott,SAC,"$2,087,519",,,,,,"$2,087,519"
444,Jamal Cain,25,NOP,SF,31,0,11.2,1.2,2.9,.400,0.5,1.6,.286,0.7,1.3,.537,.478,0.5,0.8,.654,0.6,1.2,1.8,0.5,0.5,0.3,0.5,1.0,3.3,,,,,,,,,,
446,Lamar Stevens,27,MEM,PF,12,0,9.1,1.2,2.9,.400,0.4,1.3,.313,0.8,1.6,.474,.471,0.6,0.8,.778,0.3,2.2,2.4,0.4,0.3,0.3,0.6,0.9,3.3,,,,,,,,,,
448,Markieff Morris,35,2TM,PF,14,1,9.4,1.1,4.3,.267,0.6,2.4,.242,0.6,1.9,.296,.333,0.4,0.4,.833,0.2,1.1,1.4,1.1,0.1,0.1,0.2,0.9,3.2,390,Markieff Morris,LAL,"$2,087,519",,,,,,"$2,087,519"
448,Markieff Morris,35,DAL,PF,7,0,5.9,0.7,3.1,.227,0.3,1.9,.154,0.4,1.3,.333,.273,0.0,0.0,,0.0,1.1,1.1,0.6,0.1,0.1,0.3,0.3,1.7,390,Markieff Morris,LAL,"$2,087,519",,,,,,"$2,087,519"
448,Markieff Morris,35,LAL,PF,7,1,13.0,1.6,5.4,.289,0.9,2.9,.300,0.7,2.6,.278,.368,0.7,0.9,.833,0.4,1.1,1.6,1.6,0.0,0.1,0.1,1.4,4.7,390,Markieff Morris,LAL,"$2,087,519",,,,,,"$2,087,519"
449,Elijah Harkless,24,UTA,SG,10,0,13.8,1.1,3.5,.314,0.7,2.5,.280,0.4,1.0,.400,.414,0.3,0.6,.500,0.9,1.2,2.1,0.8,1.0,0.1,0.3,1.8,3.2,,,,,,,,,,
450,Cam Reddish,25,LAL,SF,33,8,17.8,1.2,2.8,.404,0.4,1.4,.277,0.8,1.4,.532,.473,0.5,0.8,.615,0.5,1.5,2.0,0.7,1.0,0.3,0.4,1.3,3.2,338,Cam Reddish,LAL,"$2,463,946",,,,,,"$2,463,946"
451,Jackson Rowe,28,GSW,PF,5,0,8.6,1.2,3.0,.400,0.4,1.8,.222,0.8,1.2,.667,.467,0.4,0.8,.500,0.0,1.6,1.6,0.6,0.6,0.0,0.2,0.8,3.2,,,,,,,,,,
452,Branden Carlson,25,OKC,C,27,0,6.6,1.0,2.4,.431,0.7,1.9,.380,0.3,0.6,.600,.577,0.3,0.5,.692,0.4,1.1,1.5,0.4,0.2,0.6,0.1,0.7,3.1,473,Branden Carlson,OKC,"$496,519",,,,,,"$496,519"
452,Branden Carlson,25,OKC,C,27,0,6.6,1.0,2.4,.431,0.7,1.9,.380,0.3,0.6,.600,.577,0.3,0.5,.692,0.4,1.1,1.5,0.4,0.2,0.6,0.1,0.7,3.1,494,Branden Carlson,OKC,"$496,519",,,,,,"$496,519"
452,Branden Carlson,25,OKC,C,27,0,6.6,1.0,2.4,.431,0.7,1.9,.380,0.3,0.6,.600,.577,0.3,0.5,.692,0.4,1.1,1.5,0.4,0.2,0.6,0.1,0.7,3.1,495,Branden Carlson,OKC,"$496,519",,,,,,"$496,519"
453,Delon Wright,32,2TM,PG,37,6,15.5,1.1,3.2,.333,0.5,1.8,.277,0.6,1.4,.404,.410,0.4,0.6,.583,0.7,1.0,1.7,1.9,0.8,0.3,0.6,0.6,3.0,385,Delon Wright,NYK,"$2,087,519",,,,,,"$2,087,519"
453,Delon Wright,32,MIL,PG,26,2,15.6,0.8,3.2,.268,0.5,1.9,.245,0.4,1.3,.303,.341,0.3,0.6,.563,0.6,1.2,1.8,1.8,0.9,0.3,0.5,0.7,2.5,385,Delon Wright,NYK,"$2,087,519",,,,,,"$2,087,519"
453,Delon Wright,32,NYK,PG,11,4,15.2,1.5,3.2,.486,0.5,1.5,.375,1.0,1.7,.579,.571,0.5,0.7,.625,0.9,0.6,1.5,2.0,0.7,0.3,0.6,0.5,4.1,385,Delon Wright,NYK,"$2,087,519",,,,,,"$2,087,519"
454,Kylor Kelley,27,DAL,C,8,1,8.4,1.3,1.6,.769,0.0,0.0,,1.3,1.6,.769,.769,0.5,0.8,.667,1.0,1.6,2.6,0.3,0.0,0.3,0.1,1.0,3.0,,,,,,,,,,
456,Taze Moore,26,POR,SG,2,0,10.0,1.0,5.0,.200,0.5,2.0,.250,0.5,3.0,.167,.250,0.5,1.0,.500,2.0,2.0,4.0,0.5,1.0,0.0,1.0,0.0,3.0,,,,,,,,,,
459,Nae'Qwan Tomlin,24,CLE,PF,4,0,4.3,1.3,2.8,.455,0.0,0.5,.000,1.3,2.3,.556,.455,0.5,0.8,.667,0.8,1.5,2.3,0.0,0.0,0.0,0.3,0.8,3.0,,,,,,,,,,
460,Markelle Fultz,26,SAC,PG,19,0,8.5,1.3,3.2,.410,0.2,0.4,.500,1.1,2.8,.396,.443,0.1,0.1,1.000,0.3,0.6,0.9,1.1,0.5,0.1,0.7,0.6,2.9,461,Markelle Fultz,SAC,"$731,831",,,,,,"$731,831"
461,Taj Gibson,39,CHO,C,31,11,11.0,1.3,2.5,.500,0.0,0.1,.500,1.2,2.5,.500,.506,0.4,0.5,.688,1.4,1.9,3.3,0.5,0.3,0.5,0.7,1.5,2.9,399,Taj Gibson,CHO,"$2,087,519",,,,,,"$2,087,519"
463,Jeenathan Williams,25,HOU,SG,15,0,6.0,1.1,2.7,.425,0.3,1.1,.235,0.9,1.5,.565,.475,0.3,0.4,.667,0.1,0.4,0.5,0.3,0.3,0.3,0.6,0.7,2.8,,,,,,,,,,
464,Lester Quiñones,24,2TM,SG,7,0,6.1,1.1,2.1,.533,0.3,1.0,.286,0.9,1.1,.750,.600,0.1,0.1,1.000,0.4,0.3,0.7,0.3,0.1,0.1,0.7,0.3,2.7,,,,,,,,,,
464,Lester Quiñones,24,PHI,SG,4,0,4.3,1.0,2.0,.500,0.0,0.8,.000,1.0,1.3,.800,.500,0.3,0.3,1.000,0.8,0.3,1.0,0.3,0.0,0.0,1.0,0.0,2.3,,,,,,,,,,
464,Lester Quiñones,24,NOP,SG,3,0,8.7,1.3,2.3,.571,0.7,1.3,.500,0.7,1.0,.667,.714,0.0,0.0,,0.0,0.3,0.3,0.3,0.3,0.3,0.3,0.7,3.3,,,,,,,,,,
465,Trey Jemison,25,2TM,C,33,0,10.7,1.2,2.1,.543,0.0,0.0,,1.2,2.1,.543,.543,0.4,0.9,.387,1.2,1.6,2.8,0.4,0.2,0.4,0.5,1.9,2.7,,,,,,,,,,
465,Trey Jemison,25,NOP,C,16,0,10.4,0.9,2.0,.469,0.0,0.0,,0.9,2.0,.469,.469,0.5,1.3,.381,1.4,1.4,2.8,0.6,0.4,0.4,0.6,1.7,2.4,,,,,,,,,,
465,Trey Jemison,25,LAL,C,17,0,11.1,1.4,2.2,.605,0.0,0.0,,1.4,2.2,.605,.605,0.2,0.6,.400,0.9,1.9,2.8,0.2,0.1,0.5,0.5,2.2,2.9,,,,,,,,,,
469,Jae Crowder,34,SAC,PF,8,2,12.3,0.8,2.4,.316,0.4,1.8,.214,0.4,0.6,.600,.395,0.6,0.8,.833,0.8,1.5,2.3,0.6,0.4,0.0,0.5,1.3,2.5,435,Jae Crowder,SAC,"$1,655,619",,,,,,"$1,655,619"
471,Christian Koloko,24,LAL,C,34,0,9.4,1.1,1.8,.613,0.0,0.1,.000,1.1,1.7,.644,.613,0.2,0.3,.800,0.9,1.5,2.4,0.5,0.2,0.3,0.4,1.2,2.5,,,,,,,,,,
472,Pat Spencer,28,GSW,PG,35,0,6.6,1.1,2.7,.394,0.1,0.5,.158,1.0,2.1,.453,.410,0.3,0.4,.733,0.4,0.8,1.3,1.2,0.3,0.1,0.4,0.6,2.5,,,,,,,,,,
473,Johnny Davis,22,WAS,SG,34,0,7.1,0.9,2.3,.410,0.2,0.9,.241,0.7,1.4,.510,.455,0.3,0.4,.600,0.3,0.8,1.1,0.3,0.4,0.2,0.2,0.5,2.4,236,Johnny Davis,MEM,"$5,291,160",,,,,,"$5,291,160"
475,TyTy Washington Jr.,23,PHO,PG,13,0,7.9,0.9,3.0,.308,0.3,1.5,.200,0.6,1.5,.421,.359,0.2,0.3,.750,0.3,0.6,0.9,1.2,0.2,0.0,0.2,0.3,2.4,,,,,,,,,,
476,Jaden Springer,22,2TM,SG,38,0,6.9,0.7,1.7,.406,0.3,0.9,.294,0.4,0.8,.533,.484,0.6,0.9,.686,0.3,0.8,1.1,0.7,0.5,0.1,0.3,0.8,2.3,273,Jaden Springer,HOU,"$4,018,363",,,,,,"$4,018,363"
476,Jaden Springer,22,BOS,SG,26,0,5.4,0.5,1.3,.353,0.2,0.7,.316,0.2,0.6,.400,.441,0.6,0.8,.714,0.2,0.8,0.9,0.4,0.5,0.0,0.2,0.7,1.7,273,Jaden Springer,HOU,"$4,018,363",,,,,,"$4,018,363"
476,Jaden Springer,22,UTA,PG,12,0,10.1,1.2,2.5,.467,0.3,1.3,.267,0.8,1.3,.667,.533,0.8,1.2,.643,0.5,0.9,1.4,1.3,0.6,0.3,0.6,1.1,3.4,273,Jaden Springer,HOU,"$4,018,363",,,,,,"$4,018,363"
479,Mason Jones,26,SAC,SG,10,0,4.5,0.9,1.8,.500,0.1,0.8,.125,0.8,1.0,.800,.528,0.4,0.5,.800,0.2,0.7,0.9,1.1,0.0,0.1,0.1,0.3,2.3,,,,,,,,,,
480,MarJon Beauchamp,24,3TM,SF,34,0,4.4,0.8,1.9,.406,0.3,0.9,.345,0.5,1.0,.457,.484,0.4,0.5,.722,0.3,0.9,1.2,0.3,0.1,0.0,0.4,0.4,2.2,319,MarJon Beauchamp,LAC,"$2,733,720",,,,,,"$2,733,720"
480,MarJon Beauchamp,24,MIL,SF,26,0,4.7,0.7,1.8,.383,0.3,0.8,.333,0.4,1.0,.423,.457,0.3,0.5,.750,0.3,1.0,1.2,0.3,0.1,0.0,0.5,0.4,2.0,319,MarJon Beauchamp,LAC,"$2,733,720",,,,,,"$2,733,720"
480,MarJon Beauchamp,24,LAC,SF,3,0,5.7,1.3,2.3,.571,0.7,1.0,.667,0.7,1.3,.500,.714,0.7,1.3,.500,0.7,0.3,1.0,0.7,0.0,0.0,0.3,0.7,4.0,319,MarJon Beauchamp,LAC,"$2,733,720",,,,,,"$2,733,720"
480,MarJon Beauchamp,24,NYK,SF,5,0,2.4,0.8,2.0,.400,0.2,1.0,.200,0.6,1.0,.600,.450,0.4,0.4,1.000,0.4,0.6,1.0,0.0,0.2,0.0,0.2,0.4,2.2,319,MarJon Beauchamp,LAC,"$2,733,720",,,,,,"$2,733,720"
483,Jordan McLaughlin,28,2TM,PG,41,0,6.6,0.6,1.4,.441,0.4,0.9,.459,0.2,0.5,.409,.585,0.4,0.5,.762,0.1,0.5,0.6,1.0,0.3,0.0,0.3,0.4,2.1,373,Jordan McLaughlin,SAS,"$2,087,519",,,,,,"$2,087,519"
483,Jordan McLaughlin,28,SAC,PG,28,0,6.8,0.6,1.6,.364,0.4,0.9,.385,0.2,0.6,.333,.477,0.4,0.6,.688,0.1,0.6,0.8,0.9,0.4,0.0,0.4,0.5,1.9,373,Jordan McLaughlin,SAS,"$2,087,519",,,,,,"$2,087,519"
483,Jordan McLaughlin,28,SAS,PG,13,0,6.2,0.8,1.2,.667,0.5,0.8,.636,0.2,0.3,.750,.900,0.4,0.4,1.000,0.0,0.3,0.3,1.4,0.2,0.0,0.2,0.2,2.5,373,Jordan McLaughlin,SAS,"$2,087,519",,,,,,"$2,087,519"
484,Reece Beekman,23,2TM,PG,31,0,11.0,0.8,2.5,.308,0.2,1.0,.188,0.6,1.5,.391,.346,0.4,0.5,.706,0.3,0.6,0.8,1.3,0.6,0.1,0.5,0.8,2.1,,,,,,,,,,
484,Reece Beekman,23,GSW,PG,2,0,2.0,0.5,0.5,1.000,0.0,0.0,,0.5,0.5,1.000,1.000,0.0,0.0,,0.5,0.0,0.5,0.5,0.5,0.0,0.0,0.5,1.0,,,,,,,,,,
484,Reece Beekman,23,BRK,PG,29,0,11.6,0.8,2.7,.299,0.2,1.1,.188,0.6,1.6,.378,.338,0.4,0.6,.706,0.2,0.6,0.9,1.3,0.7,0.1,0.6,0.8,2.2,,,,,,,,,,
485,Chris Duarte,27,CHI,SG,17,0,4.4,0.7,1.5,.462,0.4,0.9,.400,0.4,0.6,.545,.577,0.4,0.5,.750,0.3,0.9,1.2,0.5,0.0,0.0,0.1,0.4,2.1,227,Chris Duarte,CHI,"$5,893,768",,,,,,"$5,893,768"
486,Drew Peterson,25,BOS,PF,21,1,7.5,0.7,1.5,.452,0.5,1.2,.400,0.2,0.3,.667,.613,0.3,0.3,.857,0.2,1.2,1.4,0.6,0.2,0.1,0.3,0.7,2.1,,,,,,,,,,
487,Patrick Baldwin Jr.,22,2TM,SF,23,0,4.5,0.7,1.4,.515,0.5,0.9,.524,0.3,0.5,.500,.682,0.1,0.2,.500,0.2,0.8,1.0,0.1,0.1,0.1,0.2,0.2,2.0,339,Patrick Baldwin Jr.,SAS,"$2,448,840",,,,,,"$2,448,840"
487,Patrick Baldwin Jr.,22,WAS,SF,22,0,4.6,0.8,1.5,.515,0.5,1.0,.524,0.3,0.5,.500,.682,0.1,0.2,.500,0.2,0.8,1.0,0.1,0.1,0.1,0.2,0.2,2.1,339,Patrick Baldwin Jr.,SAS,"$2,448,840",,,,,,"$2,448,840"
487,Patrick Baldwin Jr.,22,LAC,SF,1,0,3.0,0.0,0.0,,0.0,0.0,,0.0,0.0,,,0.0,0.0,,0.0,1.0,1.0,1.0,0.0,0.0,0.0,0.0,0.0,339,Patrick Baldwin Jr.,SAS,"$2,448,840",,,,,,"$2,448,840"
488,Vlatko Čančar,27,DEN,PF,12,0,11.0,0.8,2.2,.385,0.3,1.3,.267,0.5,0.9,.545,.462,0.0,0.0,,0.5,2.2,2.7,0.8,0.3,0.2,0.8,0.8,2.0,395,Vlatko Čančar,DEN,"$2,087,519",,,,,,"$2,087,519"
489,Jack McVeigh,28,HOU,PF,7,0,4.0,0.7,1.9,.385,0.6,1.4,.400,0.1,0.4,.333,.538,0.0,0.0,,0.1,0.4,0.6,0.1,0.0,0.1,0.1,0.1,2.0,,,,,,,,,,
490,Adama Sanogo,22,CHI,C,4,0,5.3,1.0,1.8,.571,0.0,0.0,,1.0,1.8,.571,.571,0.0,0.0,,1.3,0.3,1.5,0.3,0.0,0.0,0.3,0.3,2.0,,,,,,,,,,
491,Phillip Wheeler,22,PHI,PF,4,0,10.8,0.8,5.0,.150,0.0,2.3,.000,0.8,2.8,.273,.150,0.5,0.5,1.000,0.5,1.3,1.8,0.5,0.3,0.5,0.3,0.3,2.0,,,,,,,,,,
497,Jericho Sims,26,2TM,C,53,5,11.9,0.8,1.3,.634,0.0,0.0,,0.8,1.3,.634,.634,0.2,0.2,.615,1.3,2.4,3.7,0.6,0.2,0.4,0.6,1.2,1.8,364,Jericho Sims,MIL,"$2,092,344",,,,,,"$2,092,344"
497,Jericho Sims,26,NYK,C,39,5,10.8,0.7,1.2,.609,0.0,0.0,,0.7,1.2,.609,.609,0.2,0.3,.615,1.3,2.0,3.3,0.6,0.2,0.3,0.5,1.2,1.6,364,Jericho Sims,MIL,"$2,092,344",,,,,,"$2,092,344"
497,Jericho Sims,26,MIL,C,14,0,15.0,1.2,1.8,.680,0.0,0.0,,1.2,1.8,.680,.680,0.0,0.0,,1.4,3.4,4.9,0.8,0.1,0.6,0.9,1.4,2.4,364,Jericho Sims,MIL,"$2,092,344",,,,,,"$2,092,344"
498,Pete Nance,24,2TM,PF,10,0,8.0,0.6,1.8,.333,0.4,1.4,.286,0.2,0.4,.500,.444,0.1,0.2,.500,0.2,0.8,1.0,0.3,0.1,0.0,0.0,1.1,1.7,,,,,,,,,,
498,Pete Nance,24,PHI,C,7,0,9.7,0.7,2.1,.333,0.6,1.7,.333,0.1,0.4,.333,.467,0.1,0.3,.500,0.3,1.1,1.4,0.4,0.1,0.0,0.0,1.4,2.1,,,,,,,,,,
498,Pete Nance,24,MIL,PF,3,0,4.0,0.3,1.0,.333,0.0,0.7,.000,0.3,0.3,1.000,.333,0.0,0.0,,0.0,0.0,0.0,0.0,0.0,0.0,0.0,0.3,0.7,,,,,,,,,,
499,JD Davison,22,BOS,PG,13,0,4.3,0.5,1.2,.438,0.2,0.8,.300,0.3,0.5,.667,.531,0.4,0.5,.714,0.1,0.5,0.6,0.5,0.2,0.1,0.7,0.1,1.7,,,,,,,,,,
500,Enrique Freeman,24,IND,PF,20,1,7.0,0.6,1.3,.480,0.1,0.3,.167,0.6,1.0,.579,.500,0.5,0.8,.600,0.3,0.7,1.0,0.4,0.1,0.1,0.3,0.9,1.7,,,,,,,,,,
501,PJ Hall,22,DEN,C,19,0,3.5,0.7,1.3,.583,0.1,0.4,.250,0.6,0.8,.750,.625,0.2,0.2,.750,0.3,0.8,1.2,0.2,0.0,0.2,0.1,0.6,1.7,,,,,,,,,,
502,Alex Len,31,2TM,C,45,6,8.2,0.7,1.3,.508,0.0,0.2,.250,0.6,1.1,.549,.525,0.2,0.4,.471,0.8,1.2,2.1,0.8,0.2,0.4,0.4,1.1,1.6,369,Alex Len,WAS,"$2,831,348",,,,,,"$2,087,519"
502,Alex Len,31,2TM,C,45,6,8.2,0.7,1.3,.508,0.0,0.2,.250,0.6,1.1,.549,.525,0.2,0.4,.471,0.8,1.2,2.1,0.8,0.2,0.4,0.4,1.1,1.6,460,Alex Len,LAL,"$2,831,348",,,,,,"$743,829"
502,Alex Len,31,SAC,C,36,3,7.2,0.6,1.1,.537,0.0,0.2,.167,0.6,1.0,.600,.549,0.2,0.4,.538,0.7,1.1,1.8,0.8,0.2,0.5,0.3,1.0,1.4,369,Alex Len,WAS,"$2,831,348",,,,,,"$2,087,519"
502,Alex Len,31,SAC,C,36,3,7.2,0.6,1.1,.537,0.0,0.2,.167,0.6,1.0,.600,.549,0.2,0.4,.538,0.7,1.1,1.8,0.8,0.2,0.5,0.3,1.0,1.4,460,Alex Len,LAL,"$2,831,348",,,,,,"$743,829"
502,Alex Len,31,LAL,C,9,3,12.1,0.9,2.0,.444,0.1,0.2,.500,0.8,1.8,.438,.472,0.1,0.4,.250,1.4,1.8,3.2,0.8,0.1,0.2,0.7,1.7,2.0,369,Alex Len,WAS,"$2,831,348",,,,,,"$2,087,519"
502,Alex Len,31,LAL,C,9,3,12.1,0.9,2.0,.444,0.1,0.2,.500,0.8,1.8,.438,.472,0.1,0.4,.250,1.4,1.8,3.2,0.8,0.1,0.2,0.7,1.7,2.0,460,Alex Len,LAL,"$2,831,348",,,,,,"$743,829"
504,Tristan Thompson,33,CLE,C,38,0,7.0,0.7,1.6,.458,0.0,0.1,.000,0.7,1.5,.482,.458,0.1,0.6,.227,0.7,2.0,2.7,0.6,0.0,0.2,0.3,0.8,1.6,397,Tristan Thompson,CLE,"$2,087,519",,,,,,"$2,087,519"
505,Armel Traoré,22,LAL,SF,9,0,7.4,0.7,2.1,.316,0.0,0.8,.000,0.7,1.3,.500,.316,0.2,0.8,.286,0.2,1.4,1.7,0.1,0.4,0.2,0.3,0.7,1.6,,,,,,,,,,
507,Alex Ducas,24,OKC,SG,19,0,5.1,0.5,1.3,.400,0.5,0.9,.500,0.1,0.4,.143,.580,0.0,0.0,,0.3,0.7,1.0,0.2,0.3,0.0,0.2,0.4,1.5,,,,,,,,,,
509,Jazian Gortman,21,DAL,PG,16,0,3.6,0.6,1.4,.391,0.3,0.7,.364,0.3,0.8,.417,.478,0.1,0.3,.500,0.1,0.3,0.3,0.4,0.1,0.1,0.3,0.6,1.5,,,,,,,,,,
510,Quincy Olivari,23,LAL,PG,2,0,5.0,0.5,2.5,.200,0.5,2.5,.200,0.0,0.0,,.300,0.0,0.0,,0.0,0.0,0.0,0.5,0.0,0.0,0.5,0.0,1.5,,,,,,,,,,
511,Matt Ryan,27,NYK,SF,19,0,3.6,0.5,1.6,.323,0.3,1.0,.316,0.2,0.6,.333,.419,0.1,0.1,1.000,0.0,0.4,0.4,0.2,0.1,0.0,0.2,0.1,1.5,465,Matt Ryan,NYK,"$621,439",,,,,,"$621,439"
513,Trey Alexander,21,DEN,SG,22,0,5.0,0.5,1.8,.300,0.1,0.8,.176,0.4,1.0,.391,.338,0.1,0.2,.750,0.0,0.5,0.5,0.5,0.0,0.0,0.2,0.5,1.4,,,,,,,,,,
515,David Duke Jr.,25,SAS,SG,4,0,4.5,0.5,1.8,.286,0.0,0.3,.000,0.5,1.5,.333,.286,0.3,0.5,.500,0.0,0.8,0.8,0.8,0.0,0.0,0.3,0.3,1.3,,,,,,,,,,
516,Adam Flagler,25,OKC,SG,33,0,4.4,0.5,2.2,.233,0.3,1.7,.179,0.2,0.5,.412,.301,0.0,0.0,,0.2,0.4,0.6,0.2,0.2,0.1,0.1,0.4,1.3,,,,,,,,,,
517,Spencer Jones,23,DEN,SF,20,0,6.3,0.6,1.7,.324,0.1,0.9,.059,0.5,0.9,.588,.338,0.2,0.2,1.000,0.4,0.5,0.9,0.3,0.3,0.3,0.3,0.9,1.3,,,,,,,,,,
518,Skal Labissière,28,SAC,PF,4,0,3.0,0.5,1.0,.500,0.3,0.3,1.000,0.3,0.8,.333,.625,0.0,0.0,,0.3,0.5,0.8,0.3,0.0,0.0,0.0,0.3,1.3,,,,,,,,,,
519,Garrett Temple,38,TOR,SG,25,0,7.3,0.4,1.7,.214,0.2,0.8,.250,0.2,0.9,.182,.274,0.4,0.4,.900,0.2,0.8,1.0,1.0,0.6,0.1,0.4,0.9,1.3,371,Garrett Temple,TOR,"$2,087,519",,,,,,"$2,087,519"
521,Yuki Kawamura,23,MEM,PG,20,0,3.2,0.4,1.1,.364,0.2,0.8,.250,0.2,0.3,.667,.455,0.2,0.3,.667,0.0,0.4,0.4,0.7,0.1,0.0,0.2,0.4,1.2,,,,,,,,,,
523,Sidy Cissoko,20,2TM,SF,20,0,3.0,0.5,0.9,.500,0.2,0.4,.429,0.3,0.6,.545,.583,0.1,0.3,.167,0.2,0.4,0.6,0.3,0.1,0.0,0.2,0.4,1.1,418,Sidy Cissoko,WAS,"$1,891,857",,,,,,"$1,891,857"
523,Sidy Cissoko,20,SAS,SF,17,0,3.2,0.5,1.1,.500,0.2,0.4,.429,0.4,0.6,.545,.583,0.1,0.4,.167,0.2,0.4,0.6,0.4,0.1,0.0,0.1,0.4,1.3,418,Sidy Cissoko,WAS,"$1,891,857",,,,,,"$1,891,857"
523,Sidy Cissoko,20,POR,SF,3,0,2.0,0.0,0.0,,0.0,0.0,,0.0,0.0,,,0.0,0.0,,0.3,0.0,0.3,0.0,0.0,0.0,0.3,0.3,0.0,418,Sidy Cissoko,WAS,"$1,891,857",,,,,,"$1,891,857"
524,Emoni Bates,21,CLE,SF,8,0,3.8,0.4,2.1,.176,0.4,1.6,.231,0.0,0.5,.000,.265,0.0,0.0,,0.0,0.1,0.1,0.5,0.1,0.0,0.0,0.3,1.1,,,,,,,,,,
526,Jamaree Bouyea,25,MIL,PG,2,0,3.5,0.5,0.5,1.000,0.0,0.0,,0.5,0.5,1.000,1.000,0.0,0.0,,0.0,0.0,0.0,0.5,0.5,0.0,1.0,0.0,1.0,,,,,,,,,,
527,Yuri Collins,23,GSW,PG,2,0,8.0,0.5,1.5,.333,0.0,0.0,,0.5,1.5,.333,.333,0.0,0.0,,1.0,0.5,1.5,2.0,1.0,0.0,0.0,2.5,1.0,,,,,,,,,,
528,Kevin McCullar Jr.,23,NYK,SF,2,0,3.0,0.5,1.5,.333,0.0,0.0,,0.5,1.5,.333,.333,0.0,0.0,,0.0,0.0,0.0,0.0,0.0,0.0,0.0,1.5,1.0,,,,,,,,,,
529,Bryce McGowens,22,POR,SG,13,0,2.5,0.3,1.1,.286,0.0,0.3,.000,0.3,0.8,.400,.286,0.4,0.5,.833,0.2,0.1,0.2,0.2,0.1,0.0,0.3,0.2,1.0,,,,,,,,,,
530,Anton Watson,24,NYK,SF,8,0,2.6,0.5,1.1,.444,0.0,0.1,.000,0.5,1.0,.500,.444,0.0,0.0,,0.1,0.3,0.4,0.3,0.1,0.0,0.3,0.4,1.0,,,,,,,,,,
531,Isaiah Crawford,23,SAC,SF,15,0,3.1,0.3,0.7,.455,0.1,0.3,.200,0.3,0.4,.667,.500,0.1,0.3,.500,0.1,0.5,0.5,0.1,0.1,0.1,0.1,0.1,0.9,,,,,,,,,,
532,RayJ Dennis,23,IND,PG,8,0,2.9,0.3,1.3,.200,0.1,0.9,.143,0.1,0.4,.333,.250,0.3,0.3,1.000,0.3,0.5,0.8,0.6,0.4,0.0,0.5,0.4,0.9,,,,,,,,,,
533,Jalen Bridges,23,PHO,SF,5,0,5.0,0.2,0.8,.250,0.2,0.8,.250,0.0,0.0,,.375,0.2,0.4,.500,0.0,0.6,0.6,0.0,0.0,0.0,0.8,0.0,0.8,,,,,,,,,,
534,D.J. Carton,24,TOR,SG,4,0,8.3,0.3,1.8,.143,0.0,0.8,.000,0.3,1.0,.250,.143,0.3,0.3,1.000,0.0,1.0,1.0,0.8,0.5,0.0,1.0,0.3,0.8,,,,,,,,,,
535,Josh Christopher,23,MIA,SG,11,0,3.0,0.3,0.9,.300,0.1,0.4,.250,0.2,0.5,.333,.350,0.2,0.4,.500,0.0,0.5,0.5,0.4,0.0,0.1,0.5,0.2,0.8,,,,,,,,,,
536,PJ Dozier,28,MIN,SG,9,0,3.9,0.2,0.3,.667,0.2,0.3,.667,0.0,0.0,,1.000,0.1,0.7,.167,0.1,0.4,0.6,0.6,0.1,0.0,0.1,0.3,0.8,451,PJ Dozier,MIN,"$1,051,255",,,,,,"$1,051,255"
537,Joe Ingles,37,MIN,SF,19,1,6.0,0.3,1.2,.261,0.2,0.8,.200,0.2,0.4,.375,.326,0.0,0.0,,0.1,0.5,0.6,1.2,0.1,0.0,0.5,0.6,0.8,386,Joe Ingles,MIN,"$2,087,519",,,,,,"$2,087,519"
538,Daniss Jenkins,23,DET,PG,6,0,2.0,0.3,1.0,.333,0.2,0.8,.200,0.2,0.2,1.000,.417,0.0,0.0,,0.0,0.0,0.0,0.0,0.0,0.0,0.2,0.3,0.8,,,,,,,,,,
539,Luke Travers,23,CLE,SG,10,0,5.7,0.3,1.1,.273,0.0,0.4,.000,0.3,0.7,.429,.273,0.2,0.2,1.000,0.5,0.7,1.2,0.5,0.1,0.1,0.5,0.5,0.8,,,,,,,,,,
540,Ulrich Chomche,19,TOR,PF,7,0,4.6,0.3,0.7,.400,0.0,0.0,,0.3,0.7,.400,.400,0.1,0.3,.500,0.6,0.6,1.1,0.3,0.0,0.1,0.3,0.7,0.7,,,,,,,,,,
541,Harrison Ingram,22,SAS,SF,3,0,5.7,0.3,1.0,.333,0.0,0.3,.000,0.3,0.7,.500,.333,0.0,0.0,,0.3,1.3,1.7,0.3,0.3,0.0,0.0,0.7,0.7,,,,,,,,,,
542,James Johnson,37,IND,PF,12,0,3.1,0.3,0.9,.364,0.0,0.3,.000,0.3,0.7,.500,.364,0.0,0.1,.000,0.0,0.5,0.5,0.3,0.0,0.2,0.3,0.4,0.7,392,James Johnson,IND,"$2,087,519",,,,,,"$2,087,519"
543,Liam Robbins,25,MIL,C,13,0,4.4,0.2,0.6,.250,0.0,0.2,.000,0.2,0.5,.333,.250,0.4,0.8,.500,0.5,0.4,0.9,0.2,0.2,0.2,0.5,0.7,0.7,,,,,,,,,,
544,Cui Yongxi,21,BRK,SG,5,0,2.0,0.2,1.4,.143,0.0,0.6,.000,0.2,0.8,.250,.143,0.2,0.4,.500,0.0,0.4,0.4,0.0,0.0,0.0,0.0,0.0,0.6,,,,,,,,,,
545,Stanley Umude,25,MIL,SG,20,0,3.3,0.2,1.2,.174,0.1,0.7,.154,0.1,0.5,.200,.217,0.1,0.2,.500,0.2,0.6,0.8,0.2,0.2,0.2,0.1,0.3,0.6,,,,,,,,,,
546,Tristen Newton,23,2TM,SG,8,0,2.0,0.1,1.0,.125,0.0,0.4,.000,0.1,0.6,.200,.125,0.1,0.1,1.000,0.3,0.3,0.5,0.3,0.1,0.0,0.3,0.5,0.4,,,,,,,,,,
546,Tristen Newton,23,IND,SG,5,0,1.6,0.2,1.2,.167,0.0,0.6,.000,0.2,0.6,.333,.167,0.2,0.2,1.000,0.0,0.0,0.0,0.2,0.0,0.0,0.2,0.4,0.6,,,,,,,,,,
546,Tristen Newton,23,MIN,SG,3,0,2.7,0.0,0.7,.000,0.0,0.0,,0.0,0.7,.000,.000,0.0,0.0,,0.7,0.7,1.3,0.3,0.3,0.0,0.3,0.7,0.0,,,,,,,,,,
547,Jacob Toppin,24,NYK,SF,16,0,3.1,0.2,0.6,.300,0.0,0.1,.000,0.2,0.5,.375,.300,0.0,0.0,,0.1,0.6,0.7,0.3,0.1,0.0,0.1,0.2,0.4,,,,,,,,,,
548,Malevy Leons,25,OKC,SF,6,0,3.5,0.0,0.3,.000,0.0,0.2,.000,0.0,0.2,.000,.000,0.3,0.7,.500,0.2,0.3,0.5,0.2,0.0,0.0,0.2,0.7,0.3,482,Malevy Leons,OKC,"$126,356",,,,,,"$126,356"
549,Daishen Nix,22,MIN,PG,3,0,4.3,0.0,0.3,.000,0.0,0.3,.000,0.0,0.0,,.000,0.3,0.7,.500,0.0,1.3,1.3,1.0,0.0,0.0,1.3,0.3,0.3,488,Daishen Nix,SAC,"$119,972",,,,,,"$119,972"
550,Justin Minaya,25,POR,SF,13,0,2.2,0.1,0.4,.200,0.0,0.2,.000,0.1,0.2,.500,.200,0.0,0.2,.000,0.2,0.2,0.3,0.2,0.1,0.0,0.0,0.2,0.2,,,,,,,,,,
551,Jesse Edwards,24,MIN,C,2,0,2.5,0.0,0.0,,0.0,0.0,,0.0,0.0,,,0.0,0.0,,0.0,0.0,0.0,0.5,0.0,0.0,0.0,1.0,0.0,,,,,,,,,,
553,Mac McClung,26,ORL,SG,2,0,5.0,0.0,1.0,.000,0.0,0.5,.000,0.0,0.5,.000,.000,0.0,0.0,,0.0,0.5,0.5,1.5,0.0,0.0,0.0,1.0,0.0,,,,,,,,,,
554,Jalen McDaniels,27,WAS,SF,4,0,1.8,0.0,0.0,,0.0,0.0,,0.0,0.0,,,0.0,0.0,,0.0,0.0,0.0,0.3,0.3,0.0,0.0,0.0,0.0,253,Jalen McDaniels,SAS,"$4,741,800",,,,,,"$4,741,800"
555,Emanuel Miller,24,CHI,PF,2,0,3.0,0.0,0.5,.000,0.0,0.0,,0.0,0.5,.000,.000,0.0,0.0,,0.0,0.5,0.5,0.5,0.0,0.0,0.0,0.0,0.0,,,,,,,,,,
556,Riley Minix,24,SAS,SF,1,0,7.0,0.0,1.0,.000,0.0,1.0,.000,0.0,0.0,,.000,0.0,0.0,,0.0,2.0,2.0,0.0,0.0,0.0,0.0,0.0,0.0,,,,,,,,,,
557,Miles Norris,24,BOS,PF,1,0,4.0,0.0,0.0,,0.0,0.0,,0.0,0.0,,,0.0,0.0,,0.0,2.0,2.0,0.0,0.0,0.0,0.0,0.0,0.0,,,,,,,,,,
558,Jahlil Okafor,29,IND,C,1,0,3.0,0.0,0.0,,0.0,0.0,,0.0,0.0,,,0.0,0.0,,0.0,1.0,1.0,1.0,0.0,0.0,0.0,0.0,0.0,491,Jahlil Okafor,IND,"$119,972",,,,,,"$119,972"
559,Zyon Pullin,23,MEM,SG,3,0,1.0,0.0,0.3,.000,0.0,0.0,,0.0,0.3,.000,.000,0.0,0.0,,0.0,0.0,0.0,0.0,0.0,0.0,0.0,0.0,0.0,,,,,,,,,,
560,Isaiah Stevens,24,MIA,PG,3,0,2.0,0.0,0.7,.000,0.0,0.3,.000,0.0,0.3,.000,.000,0.0,0.0,,0.0,0.7,0.7,0.0,0.3,0.0,0.0,0.0,0.0,,,,,,,,,,
561,Terry Taylor,25,SAC,PF,3,0,2.0,0.0,0.3,.000,0.0,0.0,,0.0,0.3,.000,.000,0.0,0.0,,0.3,0.0,0.3,0.7,0.0,0.0,0.0,0.0,0.0,,,,,,,,,,
562,P.J. Tucker,39,NYK,SF,1,0,2.0,0.0,0.0,,0.0,0.0,,0.0,0.0,,,0.0,0.0,,0.0,0.0,0.0,0.0,0.0,0.0,0.0,0.0,0.0,143,P.J. Tucker,TOR,"$11,539,000",,,,,,"$11,539,000"
563,Jahmir Young,24,CHI,PG,2,0,3.5,0.0,0.5,.000,0.0,0.5,.000,0.0,0.0,,.000,0.0,0.0,,0.0,0.5,0.5,0.5,0.0,0.0,0.0,0.5,0.0,,,,,,,,,,
,League Average,,,,,,,,,.467,,,.360,,,.545,.543,,,.781,,,,,,,,,,,,,,,,,,,
